<?xml version="1.0" encoding="UTF-8"?><font><info face="damage" size="96" bold="0" italic="0" charset="" unicode="1" stretchH="100" smooth="1" aa="1" padding="1,1,1,1" spacing="0,0"/><common lineHeight="96" base="93" scaleW="706" scaleH="706" pages="1" packed="0"/><pages><page id="0" file="Unnamed.png"/></pages><chars count="89"><char id="32" x="0" y="0" width="0" height="0" xoffset="0" yoffset="0" xadvance="28" page="0" chnl="15"/><char id="33" x="673" y="238" width="32" height="82" xoffset="-2" yoffset="19" xadvance="28" page="0" chnl="15"/><char id="34" x="567" y="615" width="46" height="41" xoffset="-2" yoffset="19" xadvance="42" page="0" chnl="15"/><char id="35" x="122" y="492" width="79" height="81" xoffset="-5" yoffset="19" xadvance="70" page="0" chnl="15"/><char id="36" x="360" y="300" width="70" height="105" xoffset="-4" yoffset="7" xadvance="62" page="0" chnl="15"/><char id="37" x="0" y="214" width="94" height="83" xoffset="-5" yoffset="18" xadvance="85" page="0" chnl="15"/><char id="38" x="122" y="409" width="79" height="83" xoffset="-4" yoffset="18" xadvance="70" page="0" chnl="15"/><char id="39" x="673" y="590" width="27" height="41" xoffset="-2" yoffset="19" xadvance="23" page="0" chnl="15"/><char id="40" x="628" y="393" width="40" height="104" xoffset="0" yoffset="15" xadvance="35" page="0" chnl="15"/><char id="41" x="628" y="185" width="41" height="104" xoffset="-6" yoffset="15" xadvance="35" page="0" chnl="15"/><char id="42" x="209" y="654" width="53" height="52" xoffset="-6" yoffset="15" xadvance="42" page="0" chnl="15"/><char id="43" x="431" y="646" width="60" height="59" xoffset="-1" yoffset="30" xadvance="58" page="0" chnl="15"/><char id="44" x="360" y="659" width="33" height="47" xoffset="-4" yoffset="68" xadvance="26" page="0" chnl="15"/><char id="45" x="567" y="656" width="42" height="27" xoffset="-2" yoffset="52" xadvance="38" page="0" chnl="15"/><char id="46" x="393" y="659" width="33" height="33" xoffset="-4" yoffset="68" xadvance="26" page="0" chnl="15"/><char id="47" x="567" y="66" width="59" height="105" xoffset="-10" yoffset="5" xadvance="38" page="0" chnl="15"/><char id="48" x="360" y="0" width="71" height="83" xoffset="-3" yoffset="18" xadvance="66" page="0" chnl="15"/><char id="49" x="628" y="104" width="44" height="81" xoffset="-7" yoffset="19" xadvance="38" page="0" chnl="15"/><char id="50" x="431" y="315" width="68" height="82" xoffset="-7" yoffset="18" xadvance="57" page="0" chnl="15"/><char id="51" x="431" y="564" width="67" height="82" xoffset="-7" yoffset="19" xadvance="57" page="0" chnl="15"/><char id="52" x="209" y="81" width="76" height="81" xoffset="-4" yoffset="19" xadvance="67" page="0" chnl="15"/><char id="53" x="431" y="397" width="68" height="82" xoffset="-6" yoffset="19" xadvance="58" page="0" chnl="15"/><char id="54" x="431" y="0" width="69" height="83" xoffset="-3" yoffset="18" xadvance="62" page="0" chnl="15"/><char id="55" x="431" y="166" width="69" height="81" xoffset="-5" yoffset="19" xadvance="60" page="0" chnl="15"/><char id="56" x="360" y="83" width="71" height="83" xoffset="-4" yoffset="18" xadvance="64" page="0" chnl="15"/><char id="57" x="431" y="83" width="69" height="83" xoffset="-5" yoffset="18" xadvance="62" page="0" chnl="15"/><char id="58" x="673" y="171" width="33" height="67" xoffset="-4" yoffset="34" xadvance="26" page="0" chnl="15"/><char id="59" x="673" y="90" width="33" height="81" xoffset="-4" yoffset="34" xadvance="26" page="0" chnl="15"/><char id="61" x="122" y="656" width="60" height="50" xoffset="-1" yoffset="34" xadvance="58" page="0" chnl="15"/><char id="63" x="500" y="134" width="66" height="83" xoffset="-7" yoffset="18" xadvance="57" page="0" chnl="15"/><char id="65" x="0" y="476" width="89" height="81" xoffset="-8" yoffset="19" xadvance="74" page="0" chnl="15"/><char id="66" x="209" y="162" width="76" height="81" xoffset="1" yoffset="19" xadvance="74" page="0" chnl="15"/><char id="67" x="122" y="573" width="78" height="83" xoffset="-3" yoffset="18" xadvance="71" page="0" chnl="15"/><char id="68" x="122" y="83" width="82" height="81" xoffset="1" yoffset="19" xadvance="80" page="0" chnl="15"/><char id="69" x="500" y="217" width="66" height="81" xoffset="1" yoffset="19" xadvance="65" page="0" chnl="15"/><char id="70" x="500" y="365" width="65" height="81" xoffset="1" yoffset="19" xadvance="62" page="0" chnl="15"/><char id="71" x="122" y="326" width="79" height="83" xoffset="-3" yoffset="18" xadvance="75" page="0" chnl="15"/><char id="72" x="209" y="243" width="76" height="81" xoffset="1" yoffset="19" xadvance="78" page="0" chnl="15"/><char id="73" x="673" y="320" width="30" height="81" xoffset="1" yoffset="19" xadvance="32" page="0" chnl="15"/><char id="74" x="500" y="550" width="61" height="82" xoffset="-9" yoffset="19" xadvance="52" page="0" chnl="15"/><char id="75" x="209" y="0" width="78" height="81" xoffset="1" yoffset="19" xadvance="72" page="0" chnl="15"/><char id="76" x="500" y="446" width="63" height="81" xoffset="1" yoffset="19" xadvance="58" page="0" chnl="15"/><char id="77" x="0" y="395" width="90" height="81" xoffset="1" yoffset="19" xadvance="92" page="0" chnl="15"/><char id="78" x="209" y="324" width="76" height="81" xoffset="1" yoffset="19" xadvance="78" page="0" chnl="15"/><char id="79" x="122" y="0" width="87" height="83" xoffset="-3" yoffset="18" xadvance="82" page="0" chnl="15"/><char id="80" x="285" y="228" width="72" height="81" xoffset="1" yoffset="19" xadvance="71" page="0" chnl="15"/><char id="81" x="0" y="297" width="91" height="98" xoffset="-3" yoffset="18" xadvance="82" page="0" chnl="15"/><char id="82" x="287" y="0" width="73" height="81" xoffset="1" yoffset="19" xadvance="71" page="0" chnl="15"/><char id="83" x="360" y="576" width="70" height="83" xoffset="-4" yoffset="18" xadvance="62" page="0" chnl="15"/><char id="84" x="285" y="81" width="73" height="81" xoffset="-7" yoffset="19" xadvance="60" page="0" chnl="15"/><char id="85" x="209" y="405" width="75" height="82" xoffset="0" yoffset="19" xadvance="76" page="0" chnl="15"/><char id="86" x="0" y="557" width="88" height="81" xoffset="-8" yoffset="19" xadvance="72" page="0" chnl="15"/><char id="87" x="0" y="0" width="122" height="81" xoffset="-5" yoffset="19" xadvance="112" page="0" chnl="15"/><char id="88" x="122" y="164" width="82" height="81" xoffset="-7" yoffset="19" xadvance="69" page="0" chnl="15"/><char id="89" x="122" y="245" width="81" height="81" xoffset="-8" yoffset="19" xadvance="65" page="0" chnl="15"/><char id="90" x="209" y="487" width="74" height="81" xoffset="-4" yoffset="19" xadvance="65" page="0" chnl="15"/><char id="91" x="628" y="497" width="40" height="104" xoffset="1" yoffset="15" xadvance="36" page="0" chnl="15"/><char id="93" x="628" y="289" width="41" height="104" xoffset="-6" yoffset="15" xadvance="36" page="0" chnl="15"/><char id="94" x="285" y="651" width="61" height="55" xoffset="-2" yoffset="32" xadvance="58" page="0" chnl="15"/><char id="95" x="500" y="527" width="62" height="23" xoffset="-7" yoffset="86" xadvance="48" page="0" chnl="15"/><char id="97" x="0" y="638" width="63" height="68" xoffset="-3" yoffset="33" xadvance="60" page="0" chnl="15"/><char id="98" x="360" y="405" width="70" height="86" xoffset="0" yoffset="15" xadvance="67" page="0" chnl="15"/><char id="99" x="500" y="298" width="66" height="67" xoffset="-4" yoffset="34" xadvance="57" page="0" chnl="15"/><char id="100" x="285" y="309" width="71" height="86" xoffset="-4" yoffset="15" xadvance="67" page="0" chnl="15"/><char id="101" x="431" y="247" width="69" height="68" xoffset="-4" yoffset="33" xadvance="61" page="0" chnl="15"/><char id="102" x="567" y="171" width="53" height="86" xoffset="-6" yoffset="14" xadvance="38" page="0" chnl="15"/><char id="103" x="285" y="395" width="71" height="86" xoffset="-4" yoffset="34" xadvance="68" page="0" chnl="15"/><char id="104" x="431" y="479" width="67" height="85" xoffset="0" yoffset="15" xadvance="67" page="0" chnl="15"/><char id="105" x="673" y="0" width="33" height="90" xoffset="-2" yoffset="10" xadvance="29" page="0" chnl="15"/><char id="106" x="567" y="335" width="48" height="109" xoffset="-16" yoffset="10" xadvance="30" page="0" chnl="15"/><char id="107" x="285" y="481" width="71" height="85" xoffset="0" yoffset="15" xadvance="64" page="0" chnl="15"/><char id="108" x="673" y="401" width="29" height="85" xoffset="0" yoffset="15" xadvance="29" page="0" chnl="15"/><char id="109" x="0" y="147" width="101" height="67" xoffset="0" yoffset="33" xadvance="101" page="0" chnl="15"/><char id="110" x="500" y="0" width="67" height="67" xoffset="0" yoffset="33" xadvance="67" page="0" chnl="15"/><char id="111" x="360" y="166" width="71" height="68" xoffset="-4" yoffset="33" xadvance="63" page="0" chnl="15"/><char id="112" x="360" y="491" width="70" height="85" xoffset="0" yoffset="34" xadvance="67" page="0" chnl="15"/><char id="113" x="285" y="566" width="71" height="85" xoffset="-4" yoffset="34" xadvance="67" page="0" chnl="15"/><char id="114" x="567" y="548" width="46" height="67" xoffset="0" yoffset="33" xadvance="42" page="0" chnl="15"/><char id="115" x="500" y="632" width="61" height="68" xoffset="-5" yoffset="33" xadvance="51" page="0" chnl="15"/><char id="116" x="567" y="257" width="53" height="78" xoffset="-6" yoffset="23" xadvance="42" page="0" chnl="15"/><char id="117" x="500" y="67" width="67" height="67" xoffset="-1" yoffset="34" xadvance="66" page="0" chnl="15"/><char id="118" x="285" y="162" width="73" height="66" xoffset="-8" yoffset="34" xadvance="58" page="0" chnl="15"/><char id="119" x="0" y="81" width="104" height="66" xoffset="-7" yoffset="34" xadvance="90" page="0" chnl="15"/><char id="120" x="360" y="234" width="71" height="66" xoffset="-7" yoffset="34" xadvance="58" page="0" chnl="15"/><char id="121" x="209" y="568" width="73" height="86" xoffset="-8" yoffset="34" xadvance="58" page="0" chnl="15"/><char id="122" x="567" y="0" width="61" height="66" xoffset="-4" yoffset="34" xadvance="53" page="0" chnl="15"/><char id="123" x="628" y="0" width="45" height="104" xoffset="-2" yoffset="15" xadvance="38" page="0" chnl="15"/><char id="124" x="673" y="486" width="28" height="104" xoffset="1" yoffset="15" xadvance="30" page="0" chnl="15"/><char id="125" x="567" y="444" width="46" height="104" xoffset="-6" yoffset="15" xadvance="38" page="0" chnl="15"/></chars><kernings count="1786"><kerning first="48" second="49" amount="-1"/><kerning first="48" second="50" amount="-1"/><kerning first="48" second="51" amount="-1"/><kerning first="48" second="106" amount="-1"/><kerning first="48" second="116" amount="1"/><kerning first="48" second="120" amount="-1"/><kerning first="48" second="65" amount="-1"/><kerning first="48" second="74" amount="-2"/><kerning first="48" second="84" amount="-2"/><kerning first="48" second="86" amount="-2"/><kerning first="48" second="87" amount="-2"/><kerning first="48" second="88" amount="-3"/><kerning first="48" second="89" amount="-3"/><kerning first="48" second="90" amount="-1"/><kerning first="48" second="63" amount="-2"/><kerning first="48" second="95" amount="-2"/><kerning first="48" second="46" amount="-1"/><kerning first="48" second="44" amount="-1"/><kerning first="48" second="47" amount="-2"/><kerning first="50" second="52" amount="-1"/><kerning first="50" second="99" amount="-1"/><kerning first="50" second="100" amount="-1"/><kerning first="50" second="101" amount="-1"/><kerning first="50" second="103" amount="-1"/><kerning first="50" second="111" amount="-1"/><kerning first="50" second="113" amount="-1"/><kerning first="50" second="65" amount="1"/><kerning first="50" second="74" amount="2"/><kerning first="50" second="86" amount="-1"/><kerning first="50" second="87" amount="-1"/><kerning first="50" second="89" amount="-2"/><kerning first="50" second="37" amount="1"/><kerning first="50" second="95" amount="3"/><kerning first="50" second="46" amount="1"/><kerning first="50" second="44" amount="1"/><kerning first="50" second="47" amount="1"/><kerning first="51" second="53" amount="-1"/><kerning first="51" second="55" amount="-1"/><kerning first="51" second="106" amount="-1"/><kerning first="51" second="118" amount="-1"/><kerning first="51" second="119" amount="-1"/><kerning first="51" second="120" amount="-2"/><kerning first="51" second="121" amount="-1"/><kerning first="51" second="84" amount="-1"/><kerning first="51" second="86" amount="-1"/><kerning first="51" second="87" amount="-1"/><kerning first="51" second="88" amount="-1"/><kerning first="51" second="89" amount="-1"/><kerning first="51" second="37" amount="-1"/><kerning first="51" second="34" amount="-1"/><kerning first="51" second="39" amount="-1"/><kerning first="52" second="49" amount="-2"/><kerning first="52" second="51" amount="-1"/><kerning first="52" second="55" amount="-4"/><kerning first="52" second="56" amount="1"/><kerning first="52" second="97" amount="3"/><kerning first="52" second="99" amount="2"/><kerning first="52" second="100" amount="2"/><kerning first="52" second="101" amount="2"/><kerning first="52" second="103" amount="2"/><kerning first="52" second="111" amount="2"/><kerning first="52" second="113" amount="2"/><kerning first="52" second="118" amount="-2"/><kerning first="52" second="119" amount="-2"/><kerning first="52" second="120" amount="-2"/><kerning first="52" second="121" amount="-2"/><kerning first="52" second="67" amount="1"/><kerning first="52" second="71" amount="1"/><kerning first="52" second="74" amount="1"/><kerning first="52" second="79" amount="1"/><kerning first="52" second="81" amount="1"/><kerning first="52" second="84" amount="-5"/><kerning first="52" second="86" amount="-5"/><kerning first="52" second="87" amount="-5"/><kerning first="52" second="88" amount="-1"/><kerning first="52" second="89" amount="-8"/><kerning first="52" second="59" amount="1"/><kerning first="52" second="37" amount="-3"/><kerning first="52" second="58" amount="1"/><kerning first="52" second="63" amount="-5"/><kerning first="52" second="42" amount="-2"/><kerning first="52" second="95" amount="2"/><kerning first="52" second="43" amount="1"/><kerning first="52" second="45" amount="1"/><kerning first="52" second="46" amount="2"/><kerning first="52" second="44" amount="2"/><kerning first="52" second="47" amount="2"/><kerning first="52" second="34" amount="-3"/><kerning first="52" second="39" amount="-3"/><kerning first="52" second="38" amount="2"/><kerning first="53" second="55" amount="-1"/><kerning first="53" second="118" amount="-1"/><kerning first="53" second="119" amount="-1"/><kerning first="53" second="120" amount="-1"/><kerning first="53" second="121" amount="-1"/><kerning first="53" second="74" amount="-1"/><kerning first="53" second="84" amount="-1"/><kerning first="53" second="86" amount="-1"/><kerning first="53" second="87" amount="-1"/><kerning first="53" second="88" amount="-1"/><kerning first="53" second="89" amount="-1"/><kerning first="53" second="37" amount="-1"/><kerning first="53" second="42" amount="-1"/><kerning first="54" second="99" amount="1"/><kerning first="54" second="100" amount="1"/><kerning first="54" second="101" amount="1"/><kerning first="54" second="103" amount="1"/><kerning first="54" second="106" amount="-1"/><kerning first="54" second="111" amount="1"/><kerning first="54" second="113" amount="1"/><kerning first="54" second="118" amount="-1"/><kerning first="54" second="119" amount="-1"/><kerning first="54" second="120" amount="-1"/><kerning first="54" second="121" amount="-1"/><kerning first="54" second="84" amount="-1"/><kerning first="54" second="86" amount="-1"/><kerning first="54" second="87" amount="-1"/><kerning first="54" second="89" amount="-1"/><kerning first="54" second="37" amount="-2"/><kerning first="54" second="42" amount="-1"/><kerning first="54" second="46" amount="1"/><kerning first="54" second="44" amount="1"/><kerning first="54" second="47" amount="1"/><kerning first="54" second="38" amount="1"/><kerning first="55" second="48" amount="-2"/><kerning first="55" second="49" amount="1"/><kerning first="55" second="51" amount="-1"/><kerning first="55" second="52" amount="-6"/><kerning first="55" second="53" amount="-2"/><kerning first="55" second="54" amount="-2"/><kerning first="55" second="56" amount="-2"/><kerning first="55" second="97" amount="-4"/><kerning first="55" second="99" amount="-5"/><kerning first="55" second="100" amount="-5"/><kerning first="55" second="101" amount="-5"/><kerning first="55" second="103" amount="-5"/><kerning first="55" second="105" amount="-2"/><kerning first="55" second="106" amount="-2"/><kerning first="55" second="109" amount="-2"/><kerning first="55" second="110" amount="-2"/><kerning first="55" second="111" amount="-5"/><kerning first="55" second="112" amount="-2"/><kerning first="55" second="113" amount="-5"/><kerning first="55" second="114" amount="-2"/><kerning first="55" second="115" amount="-3"/><kerning first="55" second="116" amount="-1"/><kerning first="55" second="117" amount="-2"/><kerning first="55" second="120" amount="-1"/><kerning first="55" second="122" amount="-2"/><kerning first="55" second="65" amount="-6"/><kerning first="55" second="67" amount="-2"/><kerning first="55" second="71" amount="-2"/><kerning first="55" second="74" amount="-2"/><kerning first="55" second="79" amount="-2"/><kerning first="55" second="81" amount="-2"/><kerning first="55" second="89" amount="1"/><kerning first="55" second="59" amount="-2"/><kerning first="55" second="37" amount="1"/><kerning first="55" second="58" amount="-2"/><kerning first="55" second="63" amount="1"/><kerning first="55" second="42" amount="2"/><kerning first="55" second="95" amount="-3"/><kerning first="55" second="43" amount="-5"/><kerning first="55" second="45" amount="-5"/><kerning first="55" second="46" amount="-5"/><kerning first="55" second="44" amount="-5"/><kerning first="55" second="47" amount="-4"/><kerning first="55" second="34" amount="3"/><kerning first="55" second="39" amount="3"/><kerning first="55" second="38" amount="-3"/><kerning first="55" second="125" amount="1"/><kerning first="55" second="93" amount="1"/><kerning first="56" second="106" amount="-1"/><kerning first="56" second="120" amount="-1"/><kerning first="56" second="84" amount="-1"/><kerning first="56" second="86" amount="-2"/><kerning first="56" second="87" amount="-2"/><kerning first="56" second="88" amount="-2"/><kerning first="56" second="89" amount="-2"/><kerning first="56" second="37" amount="-1"/><kerning first="56" second="63" amount="-1"/><kerning first="56" second="46" amount="1"/><kerning first="56" second="44" amount="1"/><kerning first="57" second="49" amount="-1"/><kerning first="57" second="50" amount="-1"/><kerning first="57" second="51" amount="-1"/><kerning first="57" second="106" amount="-1"/><kerning first="57" second="116" amount="1"/><kerning first="57" second="120" amount="-1"/><kerning first="57" second="65" amount="-1"/><kerning first="57" second="74" amount="-2"/><kerning first="57" second="84" amount="-2"/><kerning first="57" second="86" amount="-2"/><kerning first="57" second="87" amount="-2"/><kerning first="57" second="88" amount="-3"/><kerning first="57" second="89" amount="-3"/><kerning first="57" second="90" amount="-1"/><kerning first="57" second="63" amount="-2"/><kerning first="57" second="95" amount="-2"/><kerning first="57" second="46" amount="-1"/><kerning first="57" second="44" amount="-1"/><kerning first="57" second="47" amount="-2"/><kerning first="97" second="49" amount="-2"/><kerning first="97" second="55" amount="-2"/><kerning first="97" second="57" amount="-1"/><kerning first="97" second="99" amount="1"/><kerning first="97" second="100" amount="1"/><kerning first="97" second="101" amount="1"/><kerning first="97" second="103" amount="1"/><kerning first="97" second="111" amount="1"/><kerning first="97" second="113" amount="1"/><kerning first="97" second="118" amount="-1"/><kerning first="97" second="119" amount="-1"/><kerning first="97" second="121" amount="-1"/><kerning first="97" second="37" amount="-3"/><kerning first="97" second="63" amount="-4"/><kerning first="97" second="42" amount="-2"/><kerning first="98" second="49" amount="-2"/><kerning first="98" second="50" amount="-1"/><kerning first="98" second="51" amount="-2"/><kerning first="98" second="55" amount="-2"/><kerning first="98" second="57" amount="-1"/><kerning first="98" second="97" amount="-1"/><kerning first="98" second="118" amount="-1"/><kerning first="98" second="119" amount="-1"/><kerning first="98" second="120" amount="-2"/><kerning first="98" second="121" amount="-1"/><kerning first="98" second="122" amount="-1"/><kerning first="98" second="65" amount="-2"/><kerning first="98" second="84" amount="-6"/><kerning first="98" second="85" amount="-1"/><kerning first="98" second="86" amount="-4"/><kerning first="98" second="87" amount="-4"/><kerning first="98" second="88" amount="-2"/><kerning first="98" second="89" amount="-4"/><kerning first="98" second="37" amount="-2"/><kerning first="98" second="63" amount="-4"/><kerning first="98" second="42" amount="-1"/><kerning first="98" second="95" amount="-2"/><kerning first="98" second="43" amount="1"/><kerning first="98" second="45" amount="1"/><kerning first="98" second="46" amount="-1"/><kerning first="98" second="44" amount="-1"/><kerning first="98" second="34" amount="-1"/><kerning first="98" second="39" amount="-1"/><kerning first="99" second="49" amount="-2"/><kerning first="99" second="51" amount="-1"/><kerning first="99" second="52" amount="-1"/><kerning first="99" second="55" amount="-1"/><kerning first="99" second="99" amount="-1"/><kerning first="99" second="100" amount="-1"/><kerning first="99" second="101" amount="-1"/><kerning first="99" second="103" amount="-1"/><kerning first="99" second="111" amount="-1"/><kerning first="99" second="113" amount="-1"/><kerning first="99" second="116" amount="1"/><kerning first="99" second="118" amount="-1"/><kerning first="99" second="119" amount="-1"/><kerning first="99" second="120" amount="-1"/><kerning first="99" second="121" amount="-1"/><kerning first="99" second="67" amount="-1"/><kerning first="99" second="71" amount="-1"/><kerning first="99" second="79" amount="-1"/><kerning first="99" second="81" amount="-1"/><kerning first="99" second="84" amount="-7"/><kerning first="99" second="85" amount="-1"/><kerning first="99" second="86" amount="-2"/><kerning first="99" second="87" amount="-2"/><kerning first="99" second="89" amount="-4"/><kerning first="99" second="59" amount="1"/><kerning first="99" second="58" amount="1"/><kerning first="99" second="63" amount="-2"/><kerning first="99" second="42" amount="2"/><kerning first="99" second="41" amount="-2"/><kerning first="99" second="43" amount="-2"/><kerning first="99" second="45" amount="-2"/><kerning first="99" second="46" amount="2"/><kerning first="99" second="44" amount="2"/><kerning first="99" second="38" amount="-2"/><kerning first="100" second="116" amount="4"/><kerning first="101" second="49" amount="-2"/><kerning first="101" second="50" amount="-1"/><kerning first="101" second="51" amount="-2"/><kerning first="101" second="55" amount="-3"/><kerning first="101" second="57" amount="-1"/><kerning first="101" second="97" amount="-1"/><kerning first="101" second="118" amount="-1"/><kerning first="101" second="119" amount="-1"/><kerning first="101" second="120" amount="-1"/><kerning first="101" second="121" amount="-1"/><kerning first="101" second="84" amount="-9"/><kerning first="101" second="86" amount="-2"/><kerning first="101" second="87" amount="-2"/><kerning first="101" second="88" amount="-4"/><kerning first="101" second="89" amount="-5"/><kerning first="101" second="63" amount="-4"/><kerning first="101" second="42" amount="-2"/><kerning first="101" second="95" amount="-1"/><kerning first="101" second="43" amount="1"/><kerning first="101" second="45" amount="1"/><kerning first="101" second="34" amount="-2"/><kerning first="101" second="39" amount="-2"/><kerning first="102" second="48" amount="1"/><kerning first="102" second="49" amount="4"/><kerning first="102" second="50" amount="1"/><kerning first="102" second="51" amount="2"/><kerning first="102" second="52" amount="-2"/><kerning first="102" second="53" amount="1"/><kerning first="102" second="54" amount="1"/><kerning first="102" second="55" amount="4"/><kerning first="102" second="56" amount="1"/><kerning first="102" second="57" amount="2"/><kerning first="102" second="97" amount="-1"/><kerning first="102" second="99" amount="-1"/><kerning first="102" second="100" amount="-1"/><kerning first="102" second="101" amount="-1"/><kerning first="102" second="103" amount="-1"/><kerning first="102" second="105" amount="8"/><kerning first="102" second="106" amount="4"/><kerning first="102" second="109" amount="8"/><kerning first="102" second="110" amount="8"/><kerning first="102" second="111" amount="-1"/><kerning first="102" second="112" amount="8"/><kerning first="102" second="113" amount="-1"/><kerning first="102" second="114" amount="8"/><kerning first="102" second="118" amount="1"/><kerning first="102" second="119" amount="1"/><kerning first="102" second="121" amount="1"/><kerning first="102" second="33" amount="1"/><kerning first="102" second="59" amount="2"/><kerning first="102" second="37" amount="1"/><kerning first="102" second="58" amount="2"/><kerning first="102" second="63" amount="2"/><kerning first="102" second="42" amount="4"/><kerning first="102" second="41" amount="4"/><kerning first="102" second="95" amount="-2"/><kerning first="102" second="43" amount="-1"/><kerning first="102" second="45" amount="-1"/><kerning first="102" second="46" amount="-1"/><kerning first="102" second="44" amount="-1"/><kerning first="102" second="47" amount="-3"/><kerning first="102" second="38" amount="-2"/><kerning first="102" second="125" amount="4"/><kerning first="102" second="93" amount="4"/><kerning first="103" second="83" amount="-1"/><kerning first="103" second="84" amount="-6"/><kerning first="103" second="85" amount="-1"/><kerning first="103" second="86" amount="-1"/><kerning first="103" second="87" amount="-1"/><kerning first="103" second="88" amount="-3"/><kerning first="103" second="89" amount="-4"/><kerning first="103" second="63" amount="2"/><kerning first="103" second="36" amount="-1"/><kerning first="104" second="49" amount="-2"/><kerning first="104" second="55" amount="-2"/><kerning first="104" second="57" amount="-1"/><kerning first="104" second="99" amount="1"/><kerning first="104" second="100" amount="1"/><kerning first="104" second="101" amount="1"/><kerning first="104" second="103" amount="1"/><kerning first="104" second="111" amount="1"/><kerning first="104" second="113" amount="1"/><kerning first="104" second="118" amount="-1"/><kerning first="104" second="119" amount="-1"/><kerning first="104" second="121" amount="-1"/><kerning first="104" second="37" amount="-3"/><kerning first="104" second="63" amount="-4"/><kerning first="104" second="42" amount="-2"/><kerning first="105" second="83" amount="-1"/><kerning first="105" second="84" amount="-6"/><kerning first="105" second="85" amount="-1"/><kerning first="105" second="86" amount="-1"/><kerning first="105" second="87" amount="-1"/><kerning first="105" second="88" amount="-3"/><kerning first="105" second="89" amount="-4"/><kerning first="105" second="63" amount="2"/><kerning first="105" second="36" amount="-1"/><kerning first="106" second="83" amount="-1"/><kerning first="106" second="84" amount="-6"/><kerning first="106" second="85" amount="-1"/><kerning first="106" second="86" amount="-1"/><kerning first="106" second="87" amount="-1"/><kerning first="106" second="88" amount="-3"/><kerning first="106" second="89" amount="-4"/><kerning first="106" second="63" amount="2"/><kerning first="106" second="36" amount="-1"/><kerning first="107" second="48" amount="-1"/><kerning first="107" second="49" amount="1"/><kerning first="107" second="50" amount="2"/><kerning first="107" second="51" amount="1"/><kerning first="107" second="52" amount="-3"/><kerning first="107" second="54" amount="-1"/><kerning first="107" second="56" amount="-1"/><kerning first="107" second="57" amount="1"/><kerning first="107" second="97" amount="-1"/><kerning first="107" second="99" amount="-2"/><kerning first="107" second="100" amount="-2"/><kerning first="107" second="101" amount="-2"/><kerning first="107" second="103" amount="-2"/><kerning first="107" second="111" amount="-2"/><kerning first="107" second="113" amount="-2"/><kerning first="107" second="115" amount="-2"/><kerning first="107" second="117" amount="-1"/><kerning first="107" second="118" amount="-3"/><kerning first="107" second="119" amount="-3"/><kerning first="107" second="120" amount="-2"/><kerning first="107" second="121" amount="-3"/><kerning first="107" second="122" amount="-1"/><kerning first="107" second="84" amount="-1"/><kerning first="107" second="89" amount="-2"/><kerning first="107" second="63" amount="1"/><kerning first="107" second="95" amount="5"/><kerning first="107" second="43" amount="-2"/><kerning first="107" second="45" amount="-2"/><kerning first="107" second="46" amount="1"/><kerning first="107" second="44" amount="1"/><kerning first="107" second="38" amount="-1"/><kerning first="108" second="116" amount="4"/><kerning first="109" second="49" amount="-2"/><kerning first="109" second="55" amount="-2"/><kerning first="109" second="57" amount="-1"/><kerning first="109" second="99" amount="1"/><kerning first="109" second="100" amount="1"/><kerning first="109" second="101" amount="1"/><kerning first="109" second="103" amount="1"/><kerning first="109" second="111" amount="1"/><kerning first="109" second="113" amount="1"/><kerning first="109" second="118" amount="-1"/><kerning first="109" second="119" amount="-1"/><kerning first="109" second="121" amount="-1"/><kerning first="109" second="37" amount="-3"/><kerning first="109" second="63" amount="-4"/><kerning first="109" second="42" amount="-2"/><kerning first="110" second="49" amount="-2"/><kerning first="110" second="55" amount="-2"/><kerning first="110" second="57" amount="-1"/><kerning first="110" second="99" amount="1"/><kerning first="110" second="100" amount="1"/><kerning first="110" second="101" amount="1"/><kerning first="110" second="103" amount="1"/><kerning first="110" second="111" amount="1"/><kerning first="110" second="113" amount="1"/><kerning first="110" second="118" amount="-1"/><kerning first="110" second="119" amount="-1"/><kerning first="110" second="121" amount="-1"/><kerning first="110" second="37" amount="-3"/><kerning first="110" second="63" amount="-4"/><kerning first="110" second="42" amount="-2"/><kerning first="111" second="49" amount="-2"/><kerning first="111" second="50" amount="-1"/><kerning first="111" second="51" amount="-2"/><kerning first="111" second="55" amount="-2"/><kerning first="111" second="57" amount="-1"/><kerning first="111" second="97" amount="-1"/><kerning first="111" second="118" amount="-1"/><kerning first="111" second="119" amount="-1"/><kerning first="111" second="120" amount="-2"/><kerning first="111" second="121" amount="-1"/><kerning first="111" second="122" amount="-1"/><kerning first="111" second="65" amount="-2"/><kerning first="111" second="84" amount="-6"/><kerning first="111" second="85" amount="-1"/><kerning first="111" second="86" amount="-4"/><kerning first="111" second="87" amount="-4"/><kerning first="111" second="88" amount="-2"/><kerning first="111" second="89" amount="-4"/><kerning first="111" second="37" amount="-2"/><kerning first="111" second="63" amount="-4"/><kerning first="111" second="42" amount="-1"/><kerning first="111" second="95" amount="-2"/><kerning first="111" second="43" amount="1"/><kerning first="111" second="45" amount="1"/><kerning first="111" second="46" amount="-1"/><kerning first="111" second="44" amount="-1"/><kerning first="111" second="34" amount="-1"/><kerning first="111" second="39" amount="-1"/><kerning first="112" second="49" amount="-2"/><kerning first="112" second="50" amount="-1"/><kerning first="112" second="51" amount="-2"/><kerning first="112" second="55" amount="-2"/><kerning first="112" second="57" amount="-1"/><kerning first="112" second="97" amount="-1"/><kerning first="112" second="118" amount="-1"/><kerning first="112" second="119" amount="-1"/><kerning first="112" second="120" amount="-2"/><kerning first="112" second="121" amount="-1"/><kerning first="112" second="122" amount="-1"/><kerning first="112" second="65" amount="-2"/><kerning first="112" second="84" amount="-6"/><kerning first="112" second="85" amount="-1"/><kerning first="112" second="86" amount="-4"/><kerning first="112" second="87" amount="-4"/><kerning first="112" second="88" amount="-2"/><kerning first="112" second="89" amount="-4"/><kerning first="112" second="37" amount="-2"/><kerning first="112" second="63" amount="-4"/><kerning first="112" second="42" amount="-1"/><kerning first="112" second="95" amount="-2"/><kerning first="112" second="43" amount="1"/><kerning first="112" second="45" amount="1"/><kerning first="112" second="46" amount="-1"/><kerning first="112" second="44" amount="-1"/><kerning first="112" second="34" amount="-1"/><kerning first="112" second="39" amount="-1"/><kerning first="113" second="106" amount="5"/><kerning first="113" second="83" amount="-1"/><kerning first="113" second="84" amount="-6"/><kerning first="113" second="85" amount="-1"/><kerning first="113" second="86" amount="-1"/><kerning first="113" second="87" amount="-1"/><kerning first="113" second="88" amount="-3"/><kerning first="113" second="89" amount="-4"/><kerning first="113" second="63" amount="2"/><kerning first="113" second="36" amount="-1"/><kerning first="114" second="48" amount="1"/><kerning first="114" second="49" amount="1"/><kerning first="114" second="50" amount="1"/><kerning first="114" second="52" amount="-2"/><kerning first="114" second="54" amount="1"/><kerning first="114" second="55" amount="2"/><kerning first="114" second="57" amount="1"/><kerning first="114" second="97" amount="-1"/><kerning first="114" second="99" amount="-1"/><kerning first="114" second="100" amount="-1"/><kerning first="114" second="101" amount="-1"/><kerning first="114" second="103" amount="-1"/><kerning first="114" second="111" amount="-1"/><kerning first="114" second="113" amount="-1"/><kerning first="114" second="116" amount="1"/><kerning first="114" second="118" amount="1"/><kerning first="114" second="119" amount="1"/><kerning first="114" second="121" amount="1"/><kerning first="114" second="65" amount="-4"/><kerning first="114" second="66" amount="-1"/><kerning first="114" second="67" amount="-2"/><kerning first="114" second="68" amount="-1"/><kerning first="114" second="69" amount="-1"/><kerning first="114" second="70" amount="-1"/><kerning first="114" second="71" amount="-2"/><kerning first="114" second="72" amount="-1"/><kerning first="114" second="73" amount="-1"/><kerning first="114" second="75" amount="-1"/><kerning first="114" second="76" amount="-1"/><kerning first="114" second="77" amount="-1"/><kerning first="114" second="78" amount="-1"/><kerning first="114" second="79" amount="-2"/><kerning first="114" second="80" amount="-1"/><kerning first="114" second="81" amount="-2"/><kerning first="114" second="82" amount="-1"/><kerning first="114" second="83" amount="-1"/><kerning first="114" second="84" amount="-2"/><kerning first="114" second="85" amount="-1"/><kerning first="114" second="86" amount="-2"/><kerning first="114" second="87" amount="-2"/><kerning first="114" second="88" amount="-4"/><kerning first="114" second="89" amount="-3"/><kerning first="114" second="59" amount="1"/><kerning first="114" second="58" amount="1"/><kerning first="114" second="63" amount="1"/><kerning first="114" second="42" amount="3"/><kerning first="114" second="40" amount="-1"/><kerning first="114" second="95" amount="-2"/><kerning first="114" second="43" amount="-1"/><kerning first="114" second="45" amount="-1"/><kerning first="114" second="46" amount="-1"/><kerning first="114" second="44" amount="-1"/><kerning first="114" second="47" amount="-4"/><kerning first="114" second="36" amount="-1"/><kerning first="114" second="38" amount="-3"/><kerning first="114" second="125" amount="-1"/><kerning first="114" second="91" amount="-1"/><kerning first="114" second="93" amount="-1"/><kerning first="115" second="50" amount="-1"/><kerning first="115" second="51" amount="-1"/><kerning first="115" second="55" amount="-2"/><kerning first="115" second="118" amount="-1"/><kerning first="115" second="119" amount="-1"/><kerning first="115" second="120" amount="-1"/><kerning first="115" second="121" amount="-1"/><kerning first="115" second="63" amount="-1"/><kerning first="116" second="48" amount="-1"/><kerning first="116" second="49" amount="-1"/><kerning first="116" second="52" amount="-2"/><kerning first="116" second="54" amount="-1"/><kerning first="116" second="55" amount="-2"/><kerning first="116" second="56" amount="-1"/><kerning first="116" second="57" amount="-1"/><kerning first="116" second="99" amount="-2"/><kerning first="116" second="100" amount="-2"/><kerning first="116" second="101" amount="-2"/><kerning first="116" second="103" amount="-2"/><kerning first="116" second="111" amount="-2"/><kerning first="116" second="113" amount="-2"/><kerning first="116" second="116" amount="-1"/><kerning first="116" second="118" amount="-1"/><kerning first="116" second="119" amount="-1"/><kerning first="116" second="121" amount="-1"/><kerning first="116" second="63" amount="-1"/><kerning first="116" second="42" amount="-1"/><kerning first="116" second="95" amount="3"/><kerning first="116" second="43" amount="-1"/><kerning first="116" second="45" amount="-1"/><kerning first="116" second="46" amount="1"/><kerning first="116" second="44" amount="1"/><kerning first="116" second="38" amount="-1"/><kerning first="117" second="83" amount="-1"/><kerning first="117" second="84" amount="-6"/><kerning first="117" second="85" amount="-1"/><kerning first="117" second="86" amount="-1"/><kerning first="117" second="87" amount="-1"/><kerning first="117" second="88" amount="-3"/><kerning first="117" second="89" amount="-4"/><kerning first="117" second="63" amount="2"/><kerning first="117" second="36" amount="-1"/><kerning first="118" second="49" amount="2"/><kerning first="118" second="50" amount="2"/><kerning first="118" second="52" amount="-3"/><kerning first="118" second="55" amount="1"/><kerning first="118" second="57" amount="3"/><kerning first="118" second="97" amount="-2"/><kerning first="118" second="99" amount="-1"/><kerning first="118" second="100" amount="-1"/><kerning first="118" second="101" amount="-1"/><kerning first="118" second="103" amount="-1"/><kerning first="118" second="106" amount="-1"/><kerning first="118" second="111" amount="-1"/><kerning first="118" second="113" amount="-1"/><kerning first="118" second="115" amount="-1"/><kerning first="118" second="116" amount="1"/><kerning first="118" second="118" amount="-1"/><kerning first="118" second="119" amount="-1"/><kerning first="118" second="120" amount="-3"/><kerning first="118" second="121" amount="-1"/><kerning first="118" second="122" amount="-1"/><kerning first="118" second="65" amount="-3"/><kerning first="118" second="84" amount="-2"/><kerning first="118" second="88" amount="-3"/><kerning first="118" second="89" amount="-2"/><kerning first="118" second="63" amount="3"/><kerning first="118" second="42" amount="4"/><kerning first="118" second="95" amount="-2"/><kerning first="118" second="43" amount="-2"/><kerning first="118" second="45" amount="-2"/><kerning first="118" second="46" amount="-3"/><kerning first="118" second="44" amount="-3"/><kerning first="118" second="47" amount="-3"/><kerning first="118" second="38" amount="-2"/><kerning first="119" second="49" amount="2"/><kerning first="119" second="50" amount="2"/><kerning first="119" second="52" amount="-3"/><kerning first="119" second="55" amount="1"/><kerning first="119" second="57" amount="3"/><kerning first="119" second="97" amount="-2"/><kerning first="119" second="99" amount="-1"/><kerning first="119" second="100" amount="-1"/><kerning first="119" second="101" amount="-1"/><kerning first="119" second="103" amount="-1"/><kerning first="119" second="106" amount="-1"/><kerning first="119" second="111" amount="-1"/><kerning first="119" second="113" amount="-1"/><kerning first="119" second="115" amount="-1"/><kerning first="119" second="116" amount="1"/><kerning first="119" second="118" amount="-1"/><kerning first="119" second="119" amount="-1"/><kerning first="119" second="120" amount="-3"/><kerning first="119" second="121" amount="-1"/><kerning first="119" second="122" amount="-1"/><kerning first="119" second="65" amount="-3"/><kerning first="119" second="84" amount="-2"/><kerning first="119" second="88" amount="-3"/><kerning first="119" second="89" amount="-2"/><kerning first="119" second="63" amount="3"/><kerning first="119" second="42" amount="4"/><kerning first="119" second="95" amount="-2"/><kerning first="119" second="43" amount="-2"/><kerning first="119" second="45" amount="-2"/><kerning first="119" second="46" amount="-3"/><kerning first="119" second="44" amount="-3"/><kerning first="119" second="47" amount="-3"/><kerning first="119" second="38" amount="-2"/><kerning first="120" second="48" amount="-1"/><kerning first="120" second="49" amount="1"/><kerning first="120" second="50" amount="1"/><kerning first="120" second="52" amount="-3"/><kerning first="120" second="54" amount="-1"/><kerning first="120" second="56" amount="-1"/><kerning first="120" second="97" amount="-1"/><kerning first="120" second="99" amount="-2"/><kerning first="120" second="100" amount="-2"/><kerning first="120" second="101" amount="-2"/><kerning first="120" second="103" amount="-2"/><kerning first="120" second="106" amount="2"/><kerning first="120" second="111" amount="-2"/><kerning first="120" second="113" amount="-2"/><kerning first="120" second="115" amount="-1"/><kerning first="120" second="117" amount="-1"/><kerning first="120" second="118" amount="-3"/><kerning first="120" second="119" amount="-3"/><kerning first="120" second="121" amount="-3"/><kerning first="120" second="122" amount="-1"/><kerning first="120" second="67" amount="-1"/><kerning first="120" second="71" amount="-1"/><kerning first="120" second="79" amount="-1"/><kerning first="120" second="81" amount="-1"/><kerning first="120" second="84" amount="-2"/><kerning first="120" second="85" amount="-1"/><kerning first="120" second="86" amount="-2"/><kerning first="120" second="87" amount="-2"/><kerning first="120" second="89" amount="-3"/><kerning first="120" second="59" amount="-1"/><kerning first="120" second="58" amount="-1"/><kerning first="120" second="63" amount="2"/><kerning first="120" second="42" amount="2"/><kerning first="120" second="95" amount="3"/><kerning first="120" second="43" amount="-2"/><kerning first="120" second="45" amount="-2"/><kerning first="120" second="47" amount="1"/><kerning first="120" second="38" amount="-2"/><kerning first="121" second="49" amount="2"/><kerning first="121" second="50" amount="2"/><kerning first="121" second="52" amount="-3"/><kerning first="121" second="55" amount="1"/><kerning first="121" second="57" amount="3"/><kerning first="121" second="97" amount="-2"/><kerning first="121" second="99" amount="-1"/><kerning first="121" second="100" amount="-1"/><kerning first="121" second="101" amount="-1"/><kerning first="121" second="103" amount="-1"/><kerning first="121" second="106" amount="-1"/><kerning first="121" second="111" amount="-1"/><kerning first="121" second="113" amount="-1"/><kerning first="121" second="115" amount="-1"/><kerning first="121" second="116" amount="1"/><kerning first="121" second="118" amount="-1"/><kerning first="121" second="119" amount="-1"/><kerning first="121" second="120" amount="-3"/><kerning first="121" second="121" amount="-1"/><kerning first="121" second="122" amount="-1"/><kerning first="121" second="65" amount="-3"/><kerning first="121" second="84" amount="-2"/><kerning first="121" second="88" amount="-3"/><kerning first="121" second="89" amount="-2"/><kerning first="121" second="63" amount="3"/><kerning first="121" second="42" amount="4"/><kerning first="121" second="95" amount="-2"/><kerning first="121" second="43" amount="-2"/><kerning first="121" second="45" amount="-2"/><kerning first="121" second="46" amount="-3"/><kerning first="121" second="44" amount="-3"/><kerning first="121" second="47" amount="-3"/><kerning first="121" second="38" amount="-2"/><kerning first="122" second="49" amount="-1"/><kerning first="122" second="52" amount="-1"/><kerning first="122" second="99" amount="-1"/><kerning first="122" second="100" amount="-1"/><kerning first="122" second="101" amount="-1"/><kerning first="122" second="103" amount="-1"/><kerning first="122" second="111" amount="-1"/><kerning first="122" second="113" amount="-1"/><kerning first="122" second="118" amount="-1"/><kerning first="122" second="119" amount="-1"/><kerning first="122" second="120" amount="-1"/><kerning first="122" second="121" amount="-1"/><kerning first="122" second="42" amount="1"/><kerning first="122" second="95" amount="2"/><kerning first="122" second="43" amount="-1"/><kerning first="122" second="45" amount="-1"/><kerning first="122" second="46" amount="1"/><kerning first="122" second="44" amount="1"/><kerning first="65" second="48" amount="-1"/><kerning first="65" second="49" amount="-4"/><kerning first="65" second="51" amount="1"/><kerning first="65" second="52" amount="-1"/><kerning first="65" second="54" amount="-1"/><kerning first="65" second="55" amount="-5"/><kerning first="65" second="57" amount="-1"/><kerning first="65" second="117" amount="-1"/><kerning first="65" second="118" amount="-3"/><kerning first="65" second="119" amount="-3"/><kerning first="65" second="120" amount="-3"/><kerning first="65" second="121" amount="-3"/><kerning first="65" second="65" amount="2"/><kerning first="65" second="67" amount="-1"/><kerning first="65" second="71" amount="-1"/><kerning first="65" second="74" amount="1"/><kerning first="65" second="79" amount="-1"/><kerning first="65" second="81" amount="-1"/><kerning first="65" second="84" amount="-3"/><kerning first="65" second="85" amount="-1"/><kerning first="65" second="86" amount="-4"/><kerning first="65" second="87" amount="-4"/><kerning first="65" second="88" amount="-3"/><kerning first="65" second="89" amount="-4"/><kerning first="65" second="59" amount="1"/><kerning first="65" second="58" amount="1"/><kerning first="65" second="63" amount="-7"/><kerning first="65" second="42" amount="-9"/><kerning first="65" second="95" amount="5"/><kerning first="65" second="43" amount="-2"/><kerning first="65" second="45" amount="-2"/><kerning first="65" second="46" amount="3"/><kerning first="65" second="44" amount="3"/><kerning first="65" second="47" amount="3"/><kerning first="65" second="34" amount="-4"/><kerning first="65" second="39" amount="-4"/><kerning first="66" second="84" amount="-1"/><kerning first="66" second="88" amount="-1"/><kerning first="66" second="89" amount="-1"/><kerning first="66" second="95" amount="-1"/><kerning first="66" second="46" amount="1"/><kerning first="66" second="44" amount="1"/><kerning first="67" second="48" amount="-2"/><kerning first="67" second="49" amount="1"/><kerning first="67" second="52" amount="-1"/><kerning first="67" second="53" amount="-1"/><kerning first="67" second="54" amount="-2"/><kerning first="67" second="56" amount="-1"/><kerning first="67" second="57" amount="-1"/><kerning first="67" second="99" amount="-2"/><kerning first="67" second="100" amount="-2"/><kerning first="67" second="101" amount="-2"/><kerning first="67" second="103" amount="-2"/><kerning first="67" second="111" amount="-2"/><kerning first="67" second="113" amount="-2"/><kerning first="67" second="115" amount="-2"/><kerning first="67" second="117" amount="-1"/><kerning first="67" second="120" amount="-1"/><kerning first="67" second="122" amount="-1"/><kerning first="67" second="65" amount="-1"/><kerning first="67" second="67" amount="-1"/><kerning first="67" second="71" amount="-1"/><kerning first="67" second="79" amount="-1"/><kerning first="67" second="81" amount="-1"/><kerning first="67" second="83" amount="-1"/><kerning first="67" second="84" amount="-1"/><kerning first="67" second="85" amount="-1"/><kerning first="67" second="88" amount="-1"/><kerning first="67" second="89" amount="-1"/><kerning first="67" second="59" amount="-1"/><kerning first="67" second="58" amount="-1"/><kerning first="67" second="42" amount="2"/><kerning first="67" second="95" amount="1"/><kerning first="67" second="43" amount="-1"/><kerning first="67" second="45" amount="-1"/><kerning first="67" second="46" amount="1"/><kerning first="67" second="44" amount="1"/><kerning first="67" second="36" amount="-1"/><kerning first="67" second="38" amount="-2"/><kerning first="68" second="49" amount="-1"/><kerning first="68" second="50" amount="-1"/><kerning first="68" second="51" amount="-1"/><kerning first="68" second="106" amount="8"/><kerning first="68" second="120" amount="-2"/><kerning first="68" second="65" amount="-1"/><kerning first="68" second="74" amount="-1"/><kerning first="68" second="84" amount="-1"/><kerning first="68" second="86" amount="-2"/><kerning first="68" second="87" amount="-2"/><kerning first="68" second="88" amount="-2"/><kerning first="68" second="89" amount="-3"/><kerning first="68" second="90" amount="-1"/><kerning first="68" second="63" amount="-3"/><kerning first="68" second="41" amount="1"/><kerning first="68" second="95" amount="-3"/><kerning first="68" second="46" amount="-2"/><kerning first="68" second="44" amount="-2"/><kerning first="68" second="47" amount="-2"/><kerning first="68" second="34" amount="-2"/><kerning first="68" second="39" amount="-2"/><kerning first="68" second="125" amount="1"/><kerning first="68" second="93" amount="1"/><kerning first="69" second="48" amount="-1"/><kerning first="69" second="51" amount="-1"/><kerning first="69" second="52" amount="-2"/><kerning first="69" second="54" amount="-1"/><kerning first="69" second="116" amount="-1"/><kerning first="69" second="120" amount="-1"/><kerning first="69" second="86" amount="-1"/><kerning first="69" second="87" amount="-1"/><kerning first="69" second="88" amount="-1"/><kerning first="69" second="89" amount="-1"/><kerning first="69" second="63" amount="-1"/><kerning first="69" second="95" amount="1"/><kerning first="69" second="43" amount="-2"/><kerning first="69" second="45" amount="-2"/><kerning first="69" second="46" amount="1"/><kerning first="69" second="44" amount="1"/><kerning first="70" second="48" amount="-1"/><kerning first="70" second="49" amount="1"/><kerning first="70" second="52" amount="-4"/><kerning first="70" second="53" amount="-1"/><kerning first="70" second="54" amount="-1"/><kerning first="70" second="55" amount="1"/><kerning first="70" second="56" amount="-1"/><kerning first="70" second="57" amount="1"/><kerning first="70" second="97" amount="-1"/><kerning first="70" second="99" amount="-1"/><kerning first="70" second="100" amount="-1"/><kerning first="70" second="101" amount="-1"/><kerning first="70" second="103" amount="-1"/><kerning first="70" second="105" amount="-1"/><kerning first="70" second="106" amount="-1"/><kerning first="70" second="109" amount="-1"/><kerning first="70" second="110" amount="-1"/><kerning first="70" second="111" amount="-1"/><kerning first="70" second="112" amount="-1"/><kerning first="70" second="113" amount="-1"/><kerning first="70" second="114" amount="-1"/><kerning first="70" second="115" amount="-1"/><kerning first="70" second="117" amount="-1"/><kerning first="70" second="120" amount="-1"/><kerning first="70" second="122" amount="-1"/><kerning first="70" second="65" amount="-3"/><kerning first="70" second="67" amount="-1"/><kerning first="70" second="71" amount="-1"/><kerning first="70" second="74" amount="-1"/><kerning first="70" second="79" amount="-1"/><kerning first="70" second="81" amount="-1"/><kerning first="70" second="88" amount="-1"/><kerning first="70" second="33" amount="1"/><kerning first="70" second="42" amount="2"/><kerning first="70" second="95" amount="-2"/><kerning first="70" second="46" amount="-1"/><kerning first="70" second="44" amount="-1"/><kerning first="70" second="47" amount="-4"/><kerning first="70" second="34" amount="4"/><kerning first="70" second="39" amount="4"/><kerning first="70" second="38" amount="-2"/><kerning first="70" second="125" amount="1"/><kerning first="70" second="93" amount="1"/><kerning first="71" second="46" amount="1"/><kerning first="71" second="44" amount="1"/><kerning first="74" second="65" amount="-1"/><kerning first="74" second="84" amount="-1"/><kerning first="74" second="88" amount="-1"/><kerning first="74" second="89" amount="-1"/><kerning first="74" second="95" amount="-1"/><kerning first="74" second="46" amount="-1"/><kerning first="74" second="44" amount="-1"/><kerning first="74" second="47" amount="-1"/><kerning first="75" second="48" amount="-2"/><kerning first="75" second="49" amount="2"/><kerning first="75" second="52" amount="-4"/><kerning first="75" second="54" amount="-2"/><kerning first="75" second="56" amount="-2"/><kerning first="75" second="57" amount="-1"/><kerning first="75" second="97" amount="-1"/><kerning first="75" second="99" amount="-2"/><kerning first="75" second="100" amount="-2"/><kerning first="75" second="101" amount="-2"/><kerning first="75" second="103" amount="-2"/><kerning first="75" second="105" amount="-1"/><kerning first="75" second="109" amount="-1"/><kerning first="75" second="110" amount="-1"/><kerning first="75" second="111" amount="-2"/><kerning first="75" second="112" amount="-1"/><kerning first="75" second="113" amount="-2"/><kerning first="75" second="114" amount="-1"/><kerning first="75" second="115" amount="-1"/><kerning first="75" second="116" amount="-2"/><kerning first="75" second="117" amount="-2"/><kerning first="75" second="118" amount="-4"/><kerning first="75" second="119" amount="-4"/><kerning first="75" second="120" amount="-4"/><kerning first="75" second="121" amount="-4"/><kerning first="75" second="122" amount="-2"/><kerning first="75" second="65" amount="-3"/><kerning first="75" second="67" amount="-2"/><kerning first="75" second="71" amount="-2"/><kerning first="75" second="79" amount="-2"/><kerning first="75" second="81" amount="-2"/><kerning first="75" second="83" amount="-1"/><kerning first="75" second="84" amount="-5"/><kerning first="75" second="85" amount="-1"/><kerning first="75" second="86" amount="-4"/><kerning first="75" second="87" amount="-4"/><kerning first="75" second="88" amount="-4"/><kerning first="75" second="89" amount="-5"/><kerning first="75" second="63" amount="-4"/><kerning first="75" second="95" amount="6"/><kerning first="75" second="43" amount="-3"/><kerning first="75" second="45" amount="-3"/><kerning first="75" second="36" amount="-1"/><kerning first="75" second="38" amount="-2"/><kerning first="75" second="125" amount="1"/><kerning first="75" second="91" amount="-1"/><kerning first="75" second="93" amount="1"/><kerning first="76" second="48" amount="-2"/><kerning first="76" second="49" amount="-3"/><kerning first="76" second="51" amount="1"/><kerning first="76" second="52" amount="-2"/><kerning first="76" second="54" amount="-2"/><kerning first="76" second="55" amount="-5"/><kerning first="76" second="57" amount="-1"/><kerning first="76" second="97" amount="1"/><kerning first="76" second="118" amount="-4"/><kerning first="76" second="119" amount="-4"/><kerning first="76" second="121" amount="-4"/><kerning first="76" second="65" amount="1"/><kerning first="76" second="67" amount="-1"/><kerning first="76" second="71" amount="-1"/><kerning first="76" second="79" amount="-1"/><kerning first="76" second="81" amount="-1"/><kerning first="76" second="84" amount="-6"/><kerning first="76" second="85" amount="-1"/><kerning first="76" second="86" amount="-5"/><kerning first="76" second="87" amount="-5"/><kerning first="76" second="88" amount="-1"/><kerning first="76" second="89" amount="-7"/><kerning first="76" second="59" amount="2"/><kerning first="76" second="58" amount="2"/><kerning first="76" second="63" amount="-8"/><kerning first="76" second="42" amount="-7"/><kerning first="76" second="95" amount="5"/><kerning first="76" second="46" amount="3"/><kerning first="76" second="44" amount="3"/><kerning first="76" second="47" amount="2"/><kerning first="76" second="38" amount="1"/><kerning first="79" second="49" amount="-1"/><kerning first="79" second="50" amount="-1"/><kerning first="79" second="51" amount="-1"/><kerning first="79" second="106" amount="8"/><kerning first="79" second="120" amount="-2"/><kerning first="79" second="65" amount="-1"/><kerning first="79" second="74" amount="-1"/><kerning first="79" second="84" amount="-1"/><kerning first="79" second="86" amount="-2"/><kerning first="79" second="87" amount="-2"/><kerning first="79" second="88" amount="-2"/><kerning first="79" second="89" amount="-3"/><kerning first="79" second="90" amount="-1"/><kerning first="79" second="63" amount="-3"/><kerning first="79" second="41" amount="1"/><kerning first="79" second="95" amount="-3"/><kerning first="79" second="46" amount="-2"/><kerning first="79" second="44" amount="-2"/><kerning first="79" second="47" amount="-2"/><kerning first="79" second="34" amount="-2"/><kerning first="79" second="39" amount="-2"/><kerning first="79" second="125" amount="1"/><kerning first="79" second="93" amount="1"/><kerning first="80" second="51" amount="-1"/><kerning first="80" second="52" amount="-3"/><kerning first="80" second="53" amount="-1"/><kerning first="80" second="56" amount="-1"/><kerning first="80" second="97" amount="-1"/><kerning first="80" second="99" amount="-1"/><kerning first="80" second="100" amount="-1"/><kerning first="80" second="101" amount="-1"/><kerning first="80" second="103" amount="-1"/><kerning first="80" second="105" amount="-1"/><kerning first="80" second="106" amount="-1"/><kerning first="80" second="109" amount="-1"/><kerning first="80" second="110" amount="-1"/><kerning first="80" second="111" amount="-1"/><kerning first="80" second="112" amount="-1"/><kerning first="80" second="113" amount="-1"/><kerning first="80" second="114" amount="-1"/><kerning first="80" second="120" amount="-3"/><kerning first="80" second="65" amount="-4"/><kerning first="80" second="66" amount="-1"/><kerning first="80" second="68" amount="-1"/><kerning first="80" second="69" amount="-1"/><kerning first="80" second="70" amount="-1"/><kerning first="80" second="72" amount="-1"/><kerning first="80" second="73" amount="-1"/><kerning first="80" second="74" amount="-3"/><kerning first="80" second="75" amount="-1"/><kerning first="80" second="76" amount="-1"/><kerning first="80" second="77" amount="-1"/><kerning first="80" second="78" amount="-1"/><kerning first="80" second="80" amount="-1"/><kerning first="80" second="82" amount="-1"/><kerning first="80" second="84" amount="-3"/><kerning first="80" second="85" amount="-1"/><kerning first="80" second="86" amount="-2"/><kerning first="80" second="87" amount="-2"/><kerning first="80" second="88" amount="-2"/><kerning first="80" second="89" amount="-1"/><kerning first="80" second="90" amount="-1"/><kerning first="80" second="95" amount="-3"/><kerning first="80" second="43" amount="-1"/><kerning first="80" second="45" amount="-1"/><kerning first="80" second="46" amount="-3"/><kerning first="80" second="44" amount="-3"/><kerning first="80" second="47" amount="-4"/><kerning first="80" second="38" amount="-3"/><kerning first="81" second="49" amount="-1"/><kerning first="81" second="50" amount="-1"/><kerning first="81" second="51" amount="-1"/><kerning first="81" second="106" amount="8"/><kerning first="81" second="120" amount="-2"/><kerning first="81" second="65" amount="-1"/><kerning first="81" second="74" amount="-1"/><kerning first="81" second="84" amount="-1"/><kerning first="81" second="86" amount="-2"/><kerning first="81" second="87" amount="-2"/><kerning first="81" second="88" amount="-2"/><kerning first="81" second="89" amount="-3"/><kerning first="81" second="90" amount="-1"/><kerning first="81" second="63" amount="-3"/><kerning first="81" second="41" amount="1"/><kerning first="81" second="95" amount="4"/><kerning first="81" second="46" amount="-2"/><kerning first="81" second="44" amount="-2"/><kerning first="81" second="47" amount="5"/><kerning first="81" second="34" amount="-2"/><kerning first="81" second="39" amount="-2"/><kerning first="81" second="125" amount="1"/><kerning first="81" second="93" amount="1"/><kerning first="82" second="52" amount="-2"/><kerning first="82" second="74" amount="-1"/><kerning first="82" second="84" amount="-1"/><kerning first="82" second="88" amount="-2"/><kerning first="82" second="89" amount="-1"/><kerning first="82" second="95" amount="1"/><kerning first="83" second="49" amount="-1"/><kerning first="83" second="52" amount="1"/><kerning first="83" second="55" amount="-1"/><kerning first="83" second="57" amount="-1"/><kerning first="83" second="118" amount="-1"/><kerning first="83" second="119" amount="-1"/><kerning first="83" second="120" amount="-1"/><kerning first="83" second="121" amount="-1"/><kerning first="83" second="84" amount="-1"/><kerning first="83" second="88" amount="-1"/><kerning first="83" second="89" amount="-1"/><kerning first="83" second="63" amount="-2"/><kerning first="83" second="42" amount="-2"/><kerning first="83" second="95" amount="-2"/><kerning first="83" second="43" amount="1"/><kerning first="83" second="45" amount="1"/><kerning first="83" second="46" amount="2"/><kerning first="83" second="44" amount="2"/><kerning first="83" second="34" amount="-3"/><kerning first="83" second="39" amount="-3"/><kerning first="84" second="48" amount="-2"/><kerning first="84" second="49" amount="4"/><kerning first="84" second="50" amount="2"/><kerning first="84" second="51" amount="1"/><kerning first="84" second="52" amount="-8"/><kerning first="84" second="53" amount="-1"/><kerning first="84" second="54" amount="-2"/><kerning first="84" second="55" amount="2"/><kerning first="84" second="56" amount="-1"/><kerning first="84" second="97" amount="-3"/><kerning first="84" second="99" amount="-5"/><kerning first="84" second="100" amount="-5"/><kerning first="84" second="101" amount="-5"/><kerning first="84" second="103" amount="-5"/><kerning first="84" second="105" amount="-1"/><kerning first="84" second="106" amount="4"/><kerning first="84" second="109" amount="-1"/><kerning first="84" second="110" amount="-1"/><kerning first="84" second="111" amount="-5"/><kerning first="84" second="112" amount="-1"/><kerning first="84" second="113" amount="-5"/><kerning first="84" second="114" amount="-1"/><kerning first="84" second="115" amount="-4"/><kerning first="84" second="116" amount="1"/><kerning first="84" second="117" amount="-1"/><kerning first="84" second="118" amount="-3"/><kerning first="84" second="119" amount="-3"/><kerning first="84" second="120" amount="-3"/><kerning first="84" second="121" amount="-3"/><kerning first="84" second="122" amount="-1"/><kerning first="84" second="65" amount="-3"/><kerning first="84" second="67" amount="-1"/><kerning first="84" second="71" amount="-1"/><kerning first="84" second="74" amount="-1"/><kerning first="84" second="79" amount="-1"/><kerning first="84" second="81" amount="-1"/><kerning first="84" second="84" amount="1"/><kerning first="84" second="85" amount="-1"/><kerning first="84" second="86" amount="-1"/><kerning first="84" second="87" amount="-1"/><kerning first="84" second="88" amount="-3"/><kerning first="84" second="89" amount="-1"/><kerning first="84" second="33" amount="2"/><kerning first="84" second="59" amount="-1"/><kerning first="84" second="58" amount="-1"/><kerning first="84" second="63" amount="2"/><kerning first="84" second="42" amount="3"/><kerning first="84" second="40" amount="-1"/><kerning first="84" second="43" amount="-3"/><kerning first="84" second="45" amount="-3"/><kerning first="84" second="46" amount="-3"/><kerning first="84" second="44" amount="-3"/><kerning first="84" second="47" amount="-2"/><kerning first="84" second="34" amount="1"/><kerning first="84" second="39" amount="1"/><kerning first="84" second="38" amount="-3"/><kerning first="84" second="125" amount="2"/><kerning first="84" second="93" amount="2"/><kerning first="85" second="65" amount="-1"/><kerning first="85" second="84" amount="-1"/><kerning first="85" second="88" amount="-1"/><kerning first="85" second="89" amount="-1"/><kerning first="85" second="95" amount="-1"/><kerning first="85" second="46" amount="-1"/><kerning first="85" second="44" amount="-1"/><kerning first="85" second="47" amount="-1"/><kerning first="86" second="48" amount="-2"/><kerning first="86" second="49" amount="3"/><kerning first="86" second="51" amount="1"/><kerning first="86" second="52" amount="-7"/><kerning first="86" second="53" amount="-1"/><kerning first="86" second="54" amount="-2"/><kerning first="86" second="55" amount="1"/><kerning first="86" second="56" amount="-2"/><kerning first="86" second="57" amount="-1"/><kerning first="86" second="97" amount="-5"/><kerning first="86" second="99" amount="-5"/><kerning first="86" second="100" amount="-5"/><kerning first="86" second="101" amount="-5"/><kerning first="86" second="103" amount="-5"/><kerning first="86" second="109" amount="-3"/><kerning first="86" second="110" amount="-3"/><kerning first="86" second="111" amount="-5"/><kerning first="86" second="112" amount="-3"/><kerning first="86" second="113" amount="-5"/><kerning first="86" second="114" amount="-3"/><kerning first="86" second="115" amount="-6"/><kerning first="86" second="116" amount="-1"/><kerning first="86" second="117" amount="-3"/><kerning first="86" second="118" amount="-2"/><kerning first="86" second="119" amount="-2"/><kerning first="86" second="120" amount="-3"/><kerning first="86" second="121" amount="-2"/><kerning first="86" second="122" amount="-3"/><kerning first="86" second="65" amount="-4"/><kerning first="86" second="66" amount="-1"/><kerning first="86" second="67" amount="-2"/><kerning first="86" second="68" amount="-1"/><kerning first="86" second="69" amount="-1"/><kerning first="86" second="70" amount="-1"/><kerning first="86" second="71" amount="-2"/><kerning first="86" second="72" amount="-1"/><kerning first="86" second="73" amount="-1"/><kerning first="86" second="74" amount="-1"/><kerning first="86" second="75" amount="-1"/><kerning first="86" second="76" amount="-1"/><kerning first="86" second="77" amount="-1"/><kerning first="86" second="78" amount="-1"/><kerning first="86" second="79" amount="-2"/><kerning first="86" second="80" amount="-1"/><kerning first="86" second="81" amount="-2"/><kerning first="86" second="82" amount="-1"/><kerning first="86" second="83" amount="-1"/><kerning first="86" second="84" amount="-1"/><kerning first="86" second="88" amount="-2"/><kerning first="86" second="89" amount="-2"/><kerning first="86" second="90" amount="-1"/><kerning first="86" second="33" amount="1"/><kerning first="86" second="59" amount="-2"/><kerning first="86" second="58" amount="-2"/><kerning first="86" second="42" amount="3"/><kerning first="86" second="41" amount="1"/><kerning first="86" second="95" amount="-1"/><kerning first="86" second="43" amount="-2"/><kerning first="86" second="45" amount="-2"/><kerning first="86" second="46" amount="-4"/><kerning first="86" second="44" amount="-4"/><kerning first="86" second="47" amount="-4"/><kerning first="86" second="36" amount="-1"/><kerning first="86" second="38" amount="-2"/><kerning first="86" second="125" amount="2"/><kerning first="86" second="93" amount="2"/><kerning first="87" second="48" amount="-2"/><kerning first="87" second="49" amount="3"/><kerning first="87" second="51" amount="1"/><kerning first="87" second="52" amount="-7"/><kerning first="87" second="53" amount="-1"/><kerning first="87" second="54" amount="-2"/><kerning first="87" second="55" amount="1"/><kerning first="87" second="56" amount="-2"/><kerning first="87" second="57" amount="-1"/><kerning first="87" second="97" amount="-5"/><kerning first="87" second="99" amount="-5"/><kerning first="87" second="100" amount="-5"/><kerning first="87" second="101" amount="-5"/><kerning first="87" second="103" amount="-5"/><kerning first="87" second="109" amount="-3"/><kerning first="87" second="110" amount="-3"/><kerning first="87" second="111" amount="-5"/><kerning first="87" second="112" amount="-3"/><kerning first="87" second="113" amount="-5"/><kerning first="87" second="114" amount="-3"/><kerning first="87" second="115" amount="-6"/><kerning first="87" second="116" amount="-1"/><kerning first="87" second="117" amount="-3"/><kerning first="87" second="118" amount="-2"/><kerning first="87" second="119" amount="-2"/><kerning first="87" second="120" amount="-3"/><kerning first="87" second="121" amount="-2"/><kerning first="87" second="122" amount="-3"/><kerning first="87" second="65" amount="-4"/><kerning first="87" second="66" amount="-1"/><kerning first="87" second="67" amount="-2"/><kerning first="87" second="68" amount="-1"/><kerning first="87" second="69" amount="-1"/><kerning first="87" second="70" amount="-1"/><kerning first="87" second="71" amount="-2"/><kerning first="87" second="72" amount="-1"/><kerning first="87" second="73" amount="-1"/><kerning first="87" second="74" amount="-1"/><kerning first="87" second="75" amount="-1"/><kerning first="87" second="76" amount="-1"/><kerning first="87" second="77" amount="-1"/><kerning first="87" second="78" amount="-1"/><kerning first="87" second="79" amount="-2"/><kerning first="87" second="80" amount="-1"/><kerning first="87" second="81" amount="-2"/><kerning first="87" second="82" amount="-1"/><kerning first="87" second="83" amount="-1"/><kerning first="87" second="84" amount="-1"/><kerning first="87" second="88" amount="-2"/><kerning first="87" second="89" amount="-2"/><kerning first="87" second="90" amount="-1"/><kerning first="87" second="33" amount="1"/><kerning first="87" second="59" amount="-2"/><kerning first="87" second="58" amount="-2"/><kerning first="87" second="42" amount="3"/><kerning first="87" second="41" amount="1"/><kerning first="87" second="95" amount="-1"/><kerning first="87" second="43" amount="-2"/><kerning first="87" second="45" amount="-2"/><kerning first="87" second="46" amount="-4"/><kerning first="87" second="44" amount="-4"/><kerning first="87" second="47" amount="-4"/><kerning first="87" second="36" amount="-1"/><kerning first="87" second="38" amount="-2"/><kerning first="87" second="125" amount="2"/><kerning first="87" second="93" amount="2"/><kerning first="88" second="48" amount="-3"/><kerning first="88" second="49" amount="1"/><kerning first="88" second="52" amount="-5"/><kerning first="88" second="54" amount="-3"/><kerning first="88" second="55" amount="-1"/><kerning first="88" second="56" amount="-2"/><kerning first="88" second="57" amount="-2"/><kerning first="88" second="97" amount="-2"/><kerning first="88" second="99" amount="-3"/><kerning first="88" second="100" amount="-3"/><kerning first="88" second="101" amount="-3"/><kerning first="88" second="103" amount="-3"/><kerning first="88" second="105" amount="-1"/><kerning first="88" second="109" amount="-1"/><kerning first="88" second="110" amount="-1"/><kerning first="88" second="111" amount="-3"/><kerning first="88" second="112" amount="-1"/><kerning first="88" second="113" amount="-3"/><kerning first="88" second="114" amount="-1"/><kerning first="88" second="115" amount="-2"/><kerning first="88" second="116" amount="-2"/><kerning first="88" second="117" amount="-3"/><kerning first="88" second="118" amount="-3"/><kerning first="88" second="119" amount="-3"/><kerning first="88" second="120" amount="-4"/><kerning first="88" second="121" amount="-3"/><kerning first="88" second="122" amount="-2"/><kerning first="88" second="65" amount="-3"/><kerning first="88" second="66" amount="-2"/><kerning first="88" second="67" amount="-2"/><kerning first="88" second="68" amount="-2"/><kerning first="88" second="69" amount="-2"/><kerning first="88" second="70" amount="-2"/><kerning first="88" second="71" amount="-2"/><kerning first="88" second="72" amount="-2"/><kerning first="88" second="73" amount="-2"/><kerning first="88" second="75" amount="-2"/><kerning first="88" second="76" amount="-2"/><kerning first="88" second="77" amount="-2"/><kerning first="88" second="78" amount="-2"/><kerning first="88" second="79" amount="-2"/><kerning first="88" second="80" amount="-2"/><kerning first="88" second="81" amount="-2"/><kerning first="88" second="82" amount="-2"/><kerning first="88" second="83" amount="-1"/><kerning first="88" second="84" amount="-3"/><kerning first="88" second="85" amount="-1"/><kerning first="88" second="86" amount="-2"/><kerning first="88" second="87" amount="-2"/><kerning first="88" second="88" amount="-1"/><kerning first="88" second="89" amount="-3"/><kerning first="88" second="90" amount="-1"/><kerning first="88" second="59" amount="-1"/><kerning first="88" second="58" amount="-1"/><kerning first="88" second="63" amount="-3"/><kerning first="88" second="42" amount="-1"/><kerning first="88" second="95" amount="4"/><kerning first="88" second="43" amount="-2"/><kerning first="88" second="45" amount="-2"/><kerning first="88" second="47" amount="1"/><kerning first="88" second="36" amount="-1"/><kerning first="88" second="38" amount="-2"/><kerning first="88" second="125" amount="1"/><kerning first="88" second="93" amount="1"/><kerning first="89" second="48" amount="-3"/><kerning first="89" second="49" amount="3"/><kerning first="89" second="50" amount="-1"/><kerning first="89" second="52" amount="-9"/><kerning first="89" second="53" amount="-2"/><kerning first="89" second="54" amount="-3"/><kerning first="89" second="55" amount="2"/><kerning first="89" second="56" amount="-2"/><kerning first="89" second="57" amount="-2"/><kerning first="89" second="97" amount="-6"/><kerning first="89" second="99" amount="-6"/><kerning first="89" second="100" amount="-6"/><kerning first="89" second="101" amount="-6"/><kerning first="89" second="103" amount="-6"/><kerning first="89" second="105" amount="-1"/><kerning first="89" second="106" amount="3"/><kerning first="89" second="109" amount="-4"/><kerning first="89" second="110" amount="-4"/><kerning first="89" second="111" amount="-6"/><kerning first="89" second="112" amount="-4"/><kerning first="89" second="113" amount="-6"/><kerning first="89" second="114" amount="-4"/><kerning first="89" second="115" amount="-7"/><kerning first="89" second="116" amount="-2"/><kerning first="89" second="117" amount="-3"/><kerning first="89" second="118" amount="-4"/><kerning first="89" second="119" amount="-4"/><kerning first="89" second="120" amount="-5"/><kerning first="89" second="121" amount="-4"/><kerning first="89" second="122" amount="-3"/><kerning first="89" second="65" amount="-4"/><kerning first="89" second="66" amount="-1"/><kerning first="89" second="67" amount="-3"/><kerning first="89" second="68" amount="-1"/><kerning first="89" second="69" amount="-1"/><kerning first="89" second="70" amount="-1"/><kerning first="89" second="71" amount="-3"/><kerning first="89" second="72" amount="-1"/><kerning first="89" second="73" amount="-1"/><kerning first="89" second="74" amount="-1"/><kerning first="89" second="75" amount="-1"/><kerning first="89" second="76" amount="-1"/><kerning first="89" second="77" amount="-1"/><kerning first="89" second="78" amount="-1"/><kerning first="89" second="79" amount="-3"/><kerning first="89" second="80" amount="-1"/><kerning first="89" second="81" amount="-3"/><kerning first="89" second="82" amount="-1"/><kerning first="89" second="83" amount="-1"/><kerning first="89" second="84" amount="-1"/><kerning first="89" second="85" amount="-1"/><kerning first="89" second="86" amount="-2"/><kerning first="89" second="87" amount="-2"/><kerning first="89" second="88" amount="-3"/><kerning first="89" second="89" amount="-1"/><kerning first="89" second="33" amount="2"/><kerning first="89" second="59" amount="-4"/><kerning first="89" second="58" amount="-4"/><kerning first="89" second="42" amount="2"/><kerning first="89" second="40" amount="-1"/><kerning first="89" second="41" amount="1"/><kerning first="89" second="43" amount="-3"/><kerning first="89" second="45" amount="-3"/><kerning first="89" second="46" amount="-4"/><kerning first="89" second="44" amount="-4"/><kerning first="89" second="47" amount="-2"/><kerning first="89" second="36" amount="-1"/><kerning first="89" second="38" amount="-5"/><kerning first="89" second="125" amount="3"/><kerning first="89" second="93" amount="3"/><kerning first="90" second="48" amount="-1"/><kerning first="90" second="49" amount="2"/><kerning first="90" second="52" amount="-2"/><kerning first="90" second="54" amount="-1"/><kerning first="90" second="99" amount="-1"/><kerning first="90" second="100" amount="-1"/><kerning first="90" second="101" amount="-1"/><kerning first="90" second="103" amount="-1"/><kerning first="90" second="111" amount="-1"/><kerning first="90" second="113" amount="-1"/><kerning first="90" second="118" amount="-1"/><kerning first="90" second="119" amount="-1"/><kerning first="90" second="121" amount="-1"/><kerning first="90" second="67" amount="-1"/><kerning first="90" second="71" amount="-1"/><kerning first="90" second="79" amount="-1"/><kerning first="90" second="81" amount="-1"/><kerning first="90" second="88" amount="-1"/><kerning first="90" second="59" amount="1"/><kerning first="90" second="58" amount="1"/><kerning first="90" second="63" amount="1"/><kerning first="90" second="42" amount="1"/><kerning first="90" second="95" amount="3"/><kerning first="90" second="43" amount="-1"/><kerning first="90" second="45" amount="-1"/><kerning first="90" second="46" amount="2"/><kerning first="90" second="44" amount="2"/><kerning first="90" second="38" amount="-1"/><kerning first="90" second="125" amount="1"/><kerning first="90" second="93" amount="1"/><kerning first="33" second="49" amount="1"/><kerning first="33" second="46" amount="1"/><kerning first="33" second="44" amount="1"/><kerning first="33" second="34" amount="1"/><kerning first="33" second="39" amount="1"/><kerning first="33" second="125" amount="1"/><kerning first="33" second="93" amount="1"/><kerning first="59" second="63" amount="-1"/><kerning first="59" second="95" amount="1"/><kerning first="59" second="47" amount="5"/><kerning first="59" second="34" amount="1"/><kerning first="59" second="39" amount="1"/><kerning first="37" second="49" amount="-2"/><kerning first="37" second="50" amount="1"/><kerning first="37" second="51" amount="1"/><kerning first="37" second="52" amount="3"/><kerning first="37" second="53" amount="2"/><kerning first="37" second="55" amount="-1"/><kerning first="37" second="56" amount="2"/><kerning first="37" second="37" amount="-12"/><kerning first="37" second="63" amount="-5"/><kerning first="37" second="41" amount="-2"/><kerning first="37" second="43" amount="2"/><kerning first="37" second="45" amount="2"/><kerning first="37" second="46" amount="3"/><kerning first="37" second="44" amount="3"/><kerning first="37" second="34" amount="-2"/><kerning first="37" second="39" amount="-2"/><kerning first="58" second="63" amount="-1"/><kerning first="58" second="95" amount="1"/><kerning first="58" second="47" amount="5"/><kerning first="58" second="34" amount="1"/><kerning first="58" second="39" amount="1"/><kerning first="63" second="51" amount="-1"/><kerning first="63" second="52" amount="-5"/><kerning first="63" second="56" amount="-1"/><kerning first="63" second="57" amount="1"/><kerning first="63" second="63" amount="-2"/><kerning first="63" second="95" amount="-1"/><kerning first="63" second="46" amount="-5"/><kerning first="63" second="44" amount="-5"/><kerning first="63" second="47" amount="-3"/><kerning first="63" second="38" amount="-1"/><kerning first="63" second="91" amount="-1"/><kerning first="42" second="49" amount="2"/><kerning first="42" second="50" amount="2"/><kerning first="42" second="52" amount="-1"/><kerning first="42" second="55" amount="2"/><kerning first="42" second="57" amount="3"/><kerning first="42" second="99" amount="-1"/><kerning first="42" second="100" amount="-1"/><kerning first="42" second="101" amount="-1"/><kerning first="42" second="103" amount="-1"/><kerning first="42" second="105" amount="8"/><kerning first="42" second="109" amount="8"/><kerning first="42" second="110" amount="8"/><kerning first="42" second="111" amount="-1"/><kerning first="42" second="112" amount="8"/><kerning first="42" second="113" amount="-1"/><kerning first="42" second="114" amount="8"/><kerning first="42" second="116" amount="3"/><kerning first="42" second="118" amount="4"/><kerning first="42" second="119" amount="4"/><kerning first="42" second="120" amount="2"/><kerning first="42" second="121" amount="4"/><kerning first="42" second="122" amount="1"/><kerning first="42" second="65" amount="-9"/><kerning first="42" second="74" amount="-1"/><kerning first="42" second="83" amount="1"/><kerning first="42" second="84" amount="3"/><kerning first="42" second="86" amount="3"/><kerning first="42" second="87" amount="3"/><kerning first="42" second="88" amount="-1"/><kerning first="42" second="89" amount="2"/><kerning first="42" second="90" amount="1"/><kerning first="42" second="33" amount="1"/><kerning first="42" second="37" amount="3"/><kerning first="42" second="63" amount="3"/><kerning first="42" second="42" amount="2"/><kerning first="42" second="95" amount="-1"/><kerning first="42" second="43" amount="-1"/><kerning first="42" second="45" amount="-1"/><kerning first="42" second="46" amount="-3"/><kerning first="42" second="44" amount="-3"/><kerning first="42" second="47" amount="-13"/><kerning first="42" second="34" amount="2"/><kerning first="42" second="39" amount="2"/><kerning first="42" second="36" amount="1"/><kerning first="42" second="38" amount="-1"/><kerning first="42" second="125" amount="1"/><kerning first="42" second="93" amount="1"/><kerning first="40" second="49" amount="1"/><kerning first="40" second="52" amount="-2"/><kerning first="40" second="95" amount="1"/><kerning first="40" second="47" amount="3"/><kerning first="40" second="125" amount="1"/><kerning first="40" second="93" amount="1"/><kerning first="41" second="84" amount="-3"/><kerning first="95" second="48" amount="-2"/><kerning first="95" second="49" amount="-1"/><kerning first="95" second="50" amount="3"/><kerning first="95" second="51" amount="2"/><kerning first="95" second="52" amount="-2"/><kerning first="95" second="53" amount="1"/><kerning first="95" second="54" amount="-2"/><kerning first="95" second="57" amount="1"/><kerning first="95" second="59" amount="1"/><kerning first="95" second="37" amount="-2"/><kerning first="95" second="58" amount="1"/><kerning first="95" second="63" amount="-2"/><kerning first="95" second="41" amount="1"/><kerning first="95" second="46" amount="1"/><kerning first="95" second="44" amount="1"/><kerning first="95" second="47" amount="12"/><kerning first="95" second="125" amount="3"/><kerning first="95" second="93" amount="3"/><kerning first="43" second="49" amount="-2"/><kerning first="43" second="50" amount="-2"/><kerning first="43" second="51" amount="-2"/><kerning first="43" second="55" amount="-1"/><kerning first="43" second="37" amount="-3"/><kerning first="43" second="63" amount="-4"/><kerning first="43" second="43" amount="1"/><kerning first="43" second="45" amount="1"/><kerning first="43" second="46" amount="-1"/><kerning first="43" second="44" amount="-1"/><kerning first="45" second="49" amount="-2"/><kerning first="45" second="50" amount="-2"/><kerning first="45" second="51" amount="-2"/><kerning first="45" second="55" amount="-1"/><kerning first="45" second="37" amount="-3"/><kerning first="45" second="63" amount="-4"/><kerning first="45" second="43" amount="1"/><kerning first="45" second="45" amount="1"/><kerning first="45" second="46" amount="-1"/><kerning first="45" second="44" amount="-1"/><kerning first="46" second="48" amount="-1"/><kerning first="46" second="49" amount="-2"/><kerning first="46" second="50" amount="1"/><kerning first="46" second="51" amount="1"/><kerning first="46" second="54" amount="-1"/><kerning first="46" second="55" amount="-2"/><kerning first="46" second="56" amount="1"/><kerning first="46" second="33" amount="1"/><kerning first="46" second="37" amount="-6"/><kerning first="46" second="63" amount="-5"/><kerning first="46" second="95" amount="1"/><kerning first="46" second="43" amount="-1"/><kerning first="46" second="45" amount="-1"/><kerning first="46" second="47" amount="9"/><kerning first="46" second="34" amount="-5"/><kerning first="46" second="39" amount="-5"/><kerning first="44" second="48" amount="-1"/><kerning first="44" second="49" amount="-2"/><kerning first="44" second="50" amount="1"/><kerning first="44" second="51" amount="1"/><kerning first="44" second="54" amount="-1"/><kerning first="44" second="55" amount="-2"/><kerning first="44" second="56" amount="1"/><kerning first="44" second="33" amount="1"/><kerning first="44" second="37" amount="-6"/><kerning first="44" second="63" amount="-5"/><kerning first="44" second="95" amount="1"/><kerning first="44" second="43" amount="-1"/><kerning first="44" second="45" amount="-1"/><kerning first="44" second="47" amount="9"/><kerning first="44" second="34" amount="-5"/><kerning first="44" second="39" amount="-5"/><kerning first="47" second="48" amount="-2"/><kerning first="47" second="49" amount="3"/><kerning first="47" second="52" amount="-6"/><kerning first="47" second="54" amount="-2"/><kerning first="47" second="55" amount="1"/><kerning first="47" second="56" amount="-2"/><kerning first="47" second="59" amount="-1"/><kerning first="47" second="58" amount="-1"/><kerning first="47" second="41" amount="3"/><kerning first="47" second="95" amount="-11"/><kerning first="47" second="43" amount="-7"/><kerning first="47" second="45" amount="-7"/><kerning first="47" second="46" amount="-9"/><kerning first="47" second="44" amount="-9"/><kerning first="47" second="47" amount="-7"/><kerning first="47" second="34" amount="6"/><kerning first="47" second="39" amount="6"/><kerning first="47" second="38" amount="-3"/><kerning first="47" second="125" amount="3"/><kerning first="47" second="93" amount="3"/><kerning first="34" second="49" amount="4"/><kerning first="34" second="50" amount="2"/><kerning first="34" second="51" amount="1"/><kerning first="34" second="52" amount="-4"/><kerning first="34" second="55" amount="4"/><kerning first="34" second="57" amount="4"/><kerning first="34" second="33" amount="1"/><kerning first="34" second="59" amount="1"/><kerning first="34" second="37" amount="2"/><kerning first="34" second="58" amount="1"/><kerning first="34" second="63" amount="3"/><kerning first="34" second="46" amount="-5"/><kerning first="34" second="44" amount="-5"/><kerning first="34" second="47" amount="-6"/><kerning first="34" second="34" amount="4"/><kerning first="34" second="39" amount="4"/><kerning first="34" second="38" amount="-2"/><kerning first="34" second="125" amount="1"/><kerning first="34" second="93" amount="1"/><kerning first="39" second="49" amount="4"/><kerning first="39" second="50" amount="2"/><kerning first="39" second="51" amount="1"/><kerning first="39" second="52" amount="-4"/><kerning first="39" second="55" amount="4"/><kerning first="39" second="57" amount="4"/><kerning first="39" second="33" amount="1"/><kerning first="39" second="59" amount="1"/><kerning first="39" second="37" amount="2"/><kerning first="39" second="58" amount="1"/><kerning first="39" second="63" amount="3"/><kerning first="39" second="46" amount="-5"/><kerning first="39" second="44" amount="-5"/><kerning first="39" second="47" amount="-6"/><kerning first="39" second="34" amount="4"/><kerning first="39" second="39" amount="4"/><kerning first="39" second="38" amount="-2"/><kerning first="39" second="125" amount="1"/><kerning first="39" second="93" amount="1"/><kerning first="36" second="49" amount="-1"/><kerning first="36" second="52" amount="1"/><kerning first="36" second="55" amount="-1"/><kerning first="36" second="57" amount="-1"/><kerning first="36" second="118" amount="-1"/><kerning first="36" second="119" amount="-1"/><kerning first="36" second="120" amount="-1"/><kerning first="36" second="121" amount="-1"/><kerning first="36" second="84" amount="-1"/><kerning first="36" second="88" amount="-1"/><kerning first="36" second="89" amount="-1"/><kerning first="36" second="63" amount="-2"/><kerning first="36" second="42" amount="-2"/><kerning first="36" second="95" amount="-2"/><kerning first="36" second="43" amount="1"/><kerning first="36" second="45" amount="1"/><kerning first="36" second="46" amount="2"/><kerning first="36" second="44" amount="2"/><kerning first="36" second="34" amount="-3"/><kerning first="36" second="39" amount="-3"/><kerning first="38" second="49" amount="-3"/><kerning first="38" second="50" amount="-1"/><kerning first="38" second="51" amount="-1"/><kerning first="38" second="52" amount="1"/><kerning first="38" second="55" amount="-1"/><kerning first="38" second="33" amount="-1"/><kerning first="38" second="59" amount="-1"/><kerning first="38" second="37" amount="-4"/><kerning first="38" second="58" amount="-1"/><kerning first="38" second="63" amount="-6"/><kerning first="38" second="95" amount="2"/><kerning first="38" second="47" amount="3"/><kerning first="38" second="34" amount="-4"/><kerning first="38" second="39" amount="-4"/><kerning first="38" second="125" amount="-1"/><kerning first="38" second="93" amount="-1"/><kerning first="123" second="49" amount="2"/><kerning first="123" second="50" amount="1"/><kerning first="123" second="51" amount="1"/><kerning first="123" second="52" amount="-2"/><kerning first="123" second="55" amount="2"/><kerning first="123" second="33" amount="1"/><kerning first="123" second="63" amount="1"/><kerning first="123" second="41" amount="1"/><kerning first="123" second="95" amount="3"/><kerning first="123" second="47" amount="4"/><kerning first="123" second="34" amount="1"/><kerning first="123" second="39" amount="1"/><kerning first="91" second="49" amount="2"/><kerning first="91" second="50" amount="1"/><kerning first="91" second="51" amount="1"/><kerning first="91" second="52" amount="-2"/><kerning first="91" second="55" amount="2"/><kerning first="91" second="33" amount="1"/><kerning first="91" second="63" amount="1"/><kerning first="91" second="41" amount="1"/><kerning first="91" second="95" amount="3"/><kerning first="91" second="47" amount="4"/><kerning first="91" second="34" amount="1"/><kerning first="91" second="39" amount="1"/><kerning first="93" second="84" amount="-1"/><kerning first="93" second="88" amount="-1"/></kernings></font>