<?xml version="1.0" encoding="UTF-8"?><font><info face="dialog" size="36" bold="0" italic="0" charset="" unicode="1" stretchH="100" smooth="1" aa="1" padding="0,0,0,0" spacing="1,1"/><common lineHeight="39" base="28" scaleW="277" scaleH="269" pages="1" packed="0"/><pages><page id="0" file="Unnamed.png"/></pages><chars count="90"><char id="32" x="0" y="0" width="0" height="0" xoffset="0" yoffset="0" xadvance="11" page="0" chnl="15"/><!--   --><char id="33" x="261" y="144" width="13" height="32" xoffset="1" yoffset="0" xadvance="12" page="0" chnl="15"/><!-- ! --><char id="34" x="259" y="211" width="18" height="17" xoffset="-2" yoffset="0" xadvance="18" page="0" chnl="15"/><!-- " --><char id="35" x="0" y="211" width="26" height="31" xoffset="-2" yoffset="1" xadvance="21" page="0" chnl="15"/><!-- # --><char id="36" x="88" y="0" width="24" height="39" xoffset="-1" yoffset="-2" xadvance="21" page="0" chnl="15"/><!-- $ --><char id="37" x="175" y="77" width="37" height="33" xoffset="-2" yoffset="0" xadvance="33" page="0" chnl="15"/><!-- % --><char id="38" x="0" y="111" width="29" height="33" xoffset="0" yoffset="0" xadvance="26" page="0" chnl="15"/><!-- & --><char id="39" x="219" y="239" width="12" height="17" xoffset="-1" yoffset="0" xadvance="9" page="0" chnl="15"/><!-- ' --><char id="40" x="0" y="0" width="16" height="41" xoffset="-1" yoffset="-1" xadvance="12" page="0" chnl="15"/><!-- ( --><char id="41" x="17" y="0" width="17" height="41" xoffset="-2" yoffset="-1" xadvance="12" page="0" chnl="15"/><!-- ) --><char id="42" x="258" y="0" width="19" height="18" xoffset="-2" yoffset="0" xadvance="15" page="0" chnl="15"/><!-- * --><char id="43" x="127" y="239" width="26" height="25" xoffset="-1" yoffset="7" xadvance="22" page="0" chnl="15"/><!-- + --><char id="44" x="206" y="239" width="12" height="18" xoffset="0" yoffset="20" xadvance="11" page="0" chnl="15"/><!-- , --><char id="45" x="258" y="19" width="17" height="12" xoffset="-2" yoffset="13" xadvance="12" page="0" chnl="15"/><!-- - --><char id="46" x="232" y="239" width="12" height="12" xoffset="0" yoffset="20" xadvance="11" page="0" chnl="15"/><!-- . --><char id="47" x="238" y="77" width="21" height="33" xoffset="-4" yoffset="-1" xadvance="11" page="0" chnl="15"/><!-- / --><char id="48" x="188" y="42" width="24" height="33" xoffset="-1" yoffset="0" xadvance="21" page="0" chnl="15"/><!-- 0 --><char id="49" x="30" y="111" width="18" height="32" xoffset="0" yoffset="0" xadvance="21" page="0" chnl="15"/><!-- 1 --><char id="50" x="49" y="111" width="24" height="32" xoffset="-1" yoffset="0" xadvance="21" page="0" chnl="15"/><!-- 2 --><char id="51" x="213" y="42" width="24" height="33" xoffset="-1" yoffset="0" xadvance="21" page="0" chnl="15"/><!-- 3 --><char id="52" x="74" y="111" width="25" height="32" xoffset="-2" yoffset="0" xadvance="21" page="0" chnl="15"/><!-- 4 --><char id="53" x="100" y="111" width="24" height="32" xoffset="-1" yoffset="1" xadvance="21" page="0" chnl="15"/><!-- 5 --><char id="54" x="238" y="42" width="24" height="33" xoffset="-1" yoffset="0" xadvance="21" page="0" chnl="15"/><!-- 6 --><char id="55" x="235" y="177" width="25" height="31" xoffset="-2" yoffset="1" xadvance="21" page="0" chnl="15"/><!-- 7 --><char id="56" x="0" y="77" width="24" height="33" xoffset="-1" yoffset="0" xadvance="21" page="0" chnl="15"/><!-- 8 --><char id="57" x="25" y="77" width="24" height="33" xoffset="-1" yoffset="0" xadvance="21" page="0" chnl="15"/><!-- 9 --><char id="58" x="114" y="239" width="12" height="25" xoffset="2" yoffset="7" xadvance="12" page="0" chnl="15"/><!-- : --><char id="59" x="261" y="177" width="12" height="31" xoffset="2" yoffset="7" xadvance="12" page="0" chnl="15"/><!-- ; --><char id="61" x="179" y="239" width="26" height="19" xoffset="-1" yoffset="10" xadvance="22" page="0" chnl="15"/><!-- = --><char id="63" x="213" y="77" width="24" height="33" xoffset="0" yoffset="-1" xadvance="22" page="0" chnl="15"/><!-- ? --><char id="64" x="152" y="42" width="35" height="34" xoffset="1" yoffset="-1" xadvance="36" page="0" chnl="15"/><!-- @ --><char id="65" x="207" y="111" width="31" height="32" xoffset="-1" yoffset="0" xadvance="26" page="0" chnl="15"/><!-- A --><char id="66" x="239" y="111" width="29" height="32" xoffset="0" yoffset="0" xadvance="26" page="0" chnl="15"/><!-- B --><char id="67" x="27" y="42" width="30" height="34" xoffset="-1" yoffset="-1" xadvance="26" page="0" chnl="15"/><!-- C --><char id="68" x="0" y="145" width="29" height="32" xoffset="0" yoffset="0" xadvance="26" page="0" chnl="15"/><!-- D --><char id="69" x="30" y="144" width="27" height="32" xoffset="0" yoffset="0" xadvance="25" page="0" chnl="15"/><!-- E --><char id="70" x="58" y="144" width="26" height="32" xoffset="0" yoffset="0" xadvance="22" page="0" chnl="15"/><!-- F --><char id="71" x="58" y="42" width="31" height="34" xoffset="-1" yoffset="-1" xadvance="29" page="0" chnl="15"/><!-- G --><char id="72" x="85" y="144" width="28" height="32" xoffset="0" yoffset="0" xadvance="26" page="0" chnl="15"/><!-- H --><char id="73" x="263" y="42" width="12" height="33" xoffset="0" yoffset="-1" xadvance="11" page="0" chnl="15"/><!-- I --><char id="74" x="121" y="77" width="24" height="33" xoffset="-2" yoffset="0" xadvance="21" page="0" chnl="15"/><!-- J --><char id="75" x="114" y="144" width="30" height="32" xoffset="0" yoffset="0" xadvance="26" page="0" chnl="15"/><!-- K --><char id="76" x="145" y="144" width="25" height="32" xoffset="0" yoffset="0" xadvance="22" page="0" chnl="15"/><!-- L --><char id="77" x="171" y="144" width="32" height="32" xoffset="0" yoffset="0" xadvance="30" page="0" chnl="15"/><!-- M --><char id="78" x="204" y="144" width="28" height="32" xoffset="0" yoffset="0" xadvance="26" page="0" chnl="15"/><!-- N --><char id="79" x="90" y="42" width="32" height="34" xoffset="-1" yoffset="-1" xadvance="29" page="0" chnl="15"/><!-- O --><char id="80" x="233" y="144" width="27" height="32" xoffset="0" yoffset="0" xadvance="25" page="0" chnl="15"/><!-- P --><char id="81" x="147" y="0" width="32" height="35" xoffset="-1" yoffset="-1" xadvance="29" page="0" chnl="15"/><!-- Q --><char id="82" x="0" y="178" width="29" height="32" xoffset="0" yoffset="0" xadvance="26" page="0" chnl="15"/><!-- R --><char id="83" x="123" y="42" width="28" height="34" xoffset="-1" yoffset="-1" xadvance="25" page="0" chnl="15"/><!-- S --><char id="84" x="30" y="177" width="28" height="32" xoffset="-2" yoffset="0" xadvance="22" page="0" chnl="15"/><!-- T --><char id="85" x="146" y="77" width="28" height="33" xoffset="0" yoffset="0" xadvance="26" page="0" chnl="15"/><!-- U --><char id="86" x="59" y="177" width="30" height="32" xoffset="-2" yoffset="0" xadvance="25" page="0" chnl="15"/><!-- V --><char id="87" x="90" y="177" width="40" height="32" xoffset="-2" yoffset="0" xadvance="34" page="0" chnl="15"/><!-- W --><char id="88" x="131" y="177" width="30" height="32" xoffset="-2" yoffset="0" xadvance="25" page="0" chnl="15"/><!-- X --><char id="89" x="162" y="177" width="30" height="32" xoffset="-2" yoffset="0" xadvance="25" page="0" chnl="15"/><!-- Y --><char id="90" x="193" y="177" width="28" height="32" xoffset="-2" yoffset="0" xadvance="22" page="0" chnl="15"/><!-- Z --><char id="91" x="113" y="0" width="16" height="39" xoffset="0" yoffset="0" xadvance="12" page="0" chnl="15"/><!-- [ --><char id="93" x="130" y="0" width="16" height="39" xoffset="-2" yoffset="0" xadvance="12" page="0" chnl="15"/><!-- ] --><char id="94" x="154" y="239" width="24" height="22" xoffset="0" yoffset="0" xadvance="22" page="0" chnl="15"/><!-- ^ --><char id="95" x="245" y="239" width="26" height="9" xoffset="-2" yoffset="28" xadvance="21" page="0" chnl="15"/><!-- _ --><char id="97" x="27" y="211" width="24" height="27" xoffset="-1" yoffset="6" xadvance="21" page="0" chnl="15"/><!-- a --><char id="98" x="50" y="77" width="25" height="33" xoffset="0" yoffset="0" xadvance="22" page="0" chnl="15"/><!-- b --><char id="99" x="52" y="211" width="24" height="27" xoffset="-1" yoffset="6" xadvance="21" page="0" chnl="15"/><!-- c --><char id="100" x="76" y="77" width="25" height="33" xoffset="-1" yoffset="0" xadvance="22" page="0" chnl="15"/><!-- d --><char id="101" x="77" y="211" width="25" height="27" xoffset="-2" yoffset="6" xadvance="21" page="0" chnl="15"/><!-- e --><char id="102" x="102" y="77" width="18" height="33" xoffset="-2" yoffset="-1" xadvance="12" page="0" chnl="15"/><!-- f --><char id="103" x="180" y="0" width="25" height="34" xoffset="-1" yoffset="6" xadvance="22" page="0" chnl="15"/><!-- g --><char id="104" x="125" y="111" width="24" height="32" xoffset="0" yoffset="0" xadvance="22" page="0" chnl="15"/><!-- h --><char id="105" x="260" y="77" width="12" height="32" xoffset="0" yoffset="0" xadvance="11" page="0" chnl="15"/><!-- i --><char id="106" x="73" y="0" width="14" height="40" xoffset="-2" yoffset="0" xadvance="11" page="0" chnl="15"/><!-- j --><char id="107" x="150" y="111" width="24" height="32" xoffset="0" yoffset="0" xadvance="21" page="0" chnl="15"/><!-- k --><char id="108" x="175" y="111" width="12" height="32" xoffset="0" yoffset="0" xadvance="11" page="0" chnl="15"/><!-- l --><char id="109" x="180" y="211" width="34" height="26" xoffset="0" yoffset="6" xadvance="33" page="0" chnl="15"/><!-- m --><char id="110" x="215" y="211" width="24" height="26" xoffset="0" yoffset="6" xadvance="22" page="0" chnl="15"/><!-- n --><char id="111" x="103" y="211" width="26" height="27" xoffset="-1" yoffset="6" xadvance="22" page="0" chnl="15"/><!-- o --><char id="112" x="206" y="0" width="25" height="34" xoffset="0" yoffset="6" xadvance="22" page="0" chnl="15"/><!-- p --><char id="113" x="232" y="0" width="25" height="34" xoffset="-1" yoffset="6" xadvance="22" page="0" chnl="15"/><!-- q --><char id="114" x="240" y="211" width="18" height="26" xoffset="0" yoffset="6" xadvance="15" page="0" chnl="15"/><!-- r --><char id="115" x="130" y="211" width="24" height="27" xoffset="-1" yoffset="6" xadvance="21" page="0" chnl="15"/><!-- s --><char id="116" x="188" y="111" width="18" height="32" xoffset="-2" yoffset="1" xadvance="12" page="0" chnl="15"/><!-- t --><char id="117" x="155" y="211" width="24" height="27" xoffset="0" yoffset="6" xadvance="22" page="0" chnl="15"/><!-- u --><char id="118" x="0" y="243" width="26" height="26" xoffset="-2" yoffset="6" xadvance="21" page="0" chnl="15"/><!-- v --><char id="119" x="27" y="239" width="34" height="26" xoffset="-2" yoffset="6" xadvance="29" page="0" chnl="15"/><!-- w --><char id="120" x="87" y="239" width="26" height="25" xoffset="-2" yoffset="7" xadvance="21" page="0" chnl="15"/><!-- x --><char id="121" x="0" y="42" width="26" height="34" xoffset="-2" yoffset="6" xadvance="21" page="0" chnl="15"/><!-- y --><char id="122" x="62" y="239" width="24" height="26" xoffset="-2" yoffset="6" xadvance="18" page="0" chnl="15"/><!-- z --><char id="123" x="35" y="0" width="18" height="41" xoffset="-2" yoffset="-1" xadvance="15" page="0" chnl="15"/><!-- { --><char id="124" x="222" y="177" width="12" height="32" xoffset="-1" yoffset="0" xadvance="11" page="0" chnl="15"/><!-- | --><char id="125" x="54" y="0" width="18" height="41" xoffset="-2" yoffset="-1" xadvance="15" page="0" chnl="15"/><!-- } --></chars></font>
