{
	"textures": [
		{
			"image": "sprites/backgrounds-0.webp",
			"format": "RGBA5555",
			"size": {
				"w": 2024,
				"h": 2035
			},
			"scale": 1,
			"frames": [
				{
					"filename": "bg4.png",
					"rotated": false,
					"trimmed": false,
					"sourceSize": {
						"w": 1001,
						"h": 750
					},
					"spriteSourceSize": {
						"x": 0,
						"y": 0,
						"w": 1001,
						"h": 750
					},
					"frame": {
						"x": 2,
						"y": 2,
						"w": 1001,
						"h": 750
					}
				},
				{
					"filename": "bg1.png",
					"rotated": false,
					"trimmed": false,
					"sourceSize": {
						"w": 1000,
						"h": 750
					},
					"spriteSourceSize": {
						"x": 0,
						"y": 0,
						"w": 1000,
						"h": 750
					},
					"frame": {
						"x": 1006,
						"y": 2,
						"w": 1000,
						"h": 750
					}
				},
				{
					"filename": "bg2.png",
					"rotated": false,
					"trimmed": false,
					"sourceSize": {
						"w": 1000,
						"h": 750
					},
					"spriteSourceSize": {
						"x": 0,
						"y": 0,
						"w": 1000,
						"h": 750
					},
					"frame": {
						"x": 2,
						"y": 755,
						"w": 1000,
						"h": 750
					}
				},
				{
					"filename": "achieve1.png",
					"rotated": false,
					"trimmed": false,
					"sourceSize": {
						"w": 680,
						"h": 525
					},
					"spriteSourceSize": {
						"x": 0,
						"y": 0,
						"w": 680,
						"h": 525
					},
					"frame": {
						"x": 2,
						"y": 1508,
						"w": 680,
						"h": 525
					}
				},
				{
					"filename": "bg3_broke.png",
					"rotated": false,
					"trimmed": false,
					"sourceSize": {
						"w": 667,
						"h": 500
					},
					"spriteSourceSize": {
						"x": 0,
						"y": 0,
						"w": 667,
						"h": 500
					},
					"frame": {
						"x": 685,
						"y": 1508,
						"w": 667,
						"h": 500
					}
				},
				{
					"filename": "bg3.png",
					"rotated": false,
					"trimmed": false,
					"sourceSize": {
						"w": 1000,
						"h": 750
					},
					"spriteSourceSize": {
						"x": 0,
						"y": 0,
						"w": 1000,
						"h": 750
					},
					"frame": {
						"x": 1005,
						"y": 755,
						"w": 1000,
						"h": 750
					}
				},
				{
					"filename": "bg4_broke.png",
					"rotated": false,
					"trimmed": false,
					"sourceSize": {
						"w": 667,
						"h": 500
					},
					"spriteSourceSize": {
						"x": 0,
						"y": 0,
						"w": 667,
						"h": 500
					},
					"frame": {
						"x": 1355,
						"y": 1508,
						"w": 667,
						"h": 500
					}
				}
			]
		},
		{
			"image": "sprites/backgrounds-1.webp",
			"format": "RGBA5555",
			"size": {
				"w": 2007,
				"h": 1966
			},
			"scale": 1,
			"frames": [
				{
					"filename": "bgout1.png",
					"rotated": false,
					"trimmed": true,
					"sourceSize": {
						"w": 1000,
						"h": 700
					},
					"spriteSourceSize": {
						"x": 0,
						"y": 97,
						"w": 1000,
						"h": 603
					},
					"frame": {
						"x": 2,
						"y": 2,
						"w": 1000,
						"h": 603
					}
				},
				{
					"filename": "bgout1Light.png",
					"rotated": false,
					"trimmed": true,
					"sourceSize": {
						"w": 1000,
						"h": 700
					},
					"spriteSourceSize": {
						"x": 0,
						"y": 97,
						"w": 1000,
						"h": 603
					},
					"frame": {
						"x": 1005,
						"y": 2,
						"w": 1000,
						"h": 603
					}
				},
				{
					"filename": "startFakeBase.png",
					"rotated": false,
					"trimmed": false,
					"sourceSize": {
						"w": 825,
						"h": 750
					},
					"spriteSourceSize": {
						"x": 0,
						"y": 0,
						"w": 825,
						"h": 750
					},
					"frame": {
						"x": 2,
						"y": 608,
						"w": 825,
						"h": 750
					}
				},
				{
					"filename": "bgout2.png",
					"rotated": false,
					"trimmed": true,
					"sourceSize": {
						"w": 1000,
						"h": 700
					},
					"spriteSourceSize": {
						"x": 0,
						"y": 97,
						"w": 1000,
						"h": 603
					},
					"frame": {
						"x": 2,
						"y": 1361,
						"w": 1000,
						"h": 603
					}
				},
				{
					"filename": "startFakeBaseOverlay.png",
					"rotated": false,
					"trimmed": false,
					"sourceSize": {
						"w": 825,
						"h": 750
					},
					"spriteSourceSize": {
						"x": 0,
						"y": 0,
						"w": 825,
						"h": 750
					},
					"frame": {
						"x": 830,
						"y": 608,
						"w": 825,
						"h": 750
					}
				},
				{
					"filename": "bgout3.png",
					"rotated": false,
					"trimmed": true,
					"sourceSize": {
						"w": 1000,
						"h": 700
					},
					"spriteSourceSize": {
						"x": 0,
						"y": 129,
						"w": 1000,
						"h": 571
					},
					"frame": {
						"x": 1005,
						"y": 1361,
						"w": 1000,
						"h": 571
					}
				}
			]
		},
		{
			"image": "sprites/backgrounds-2.webp",
			"format": "RGBA5555",
			"size": {
				"w": 904,
				"h": 1548
			},
			"scale": 1,
			"frames": [
				{
					"filename": "bgshed.png",
					"rotated": false,
					"trimmed": false,
					"sourceSize": {
						"w": 900,
						"h": 675
					},
					"spriteSourceSize": {
						"x": 0,
						"y": 0,
						"w": 900,
						"h": 675
					},
					"frame": {
						"x": 2,
						"y": 2,
						"w": 900,
						"h": 675
					}
				},
				{
					"filename": "bgshed2.png",
					"rotated": false,
					"trimmed": false,
					"sourceSize": {
						"w": 900,
						"h": 675
					},
					"spriteSourceSize": {
						"x": 0,
						"y": 0,
						"w": 900,
						"h": 675
					},
					"frame": {
						"x": 2,
						"y": 680,
						"w": 900,
						"h": 675
					}
				},
				{
					"filename": "rain.png",
					"rotated": false,
					"trimmed": false,
					"sourceSize": {
						"w": 550,
						"h": 188
					},
					"spriteSourceSize": {
						"x": 0,
						"y": 0,
						"w": 550,
						"h": 188
					},
					"frame": {
						"x": 2,
						"y": 1358,
						"w": 550,
						"h": 188
					}
				}
			]
		}
	],
	"meta": {
		"app": "https://www.codeandweb.com/texturepacker",
		"version": "3.0",
		"smartupdate": "$TexturePacker:SmartUpdate:d0609ea83752966f12869644eabb5cca:f42521ade0fcdfbcd93287f9e3240218:8733dbb53606bf76dda81645ffc6dc8b$"
	}
}
