{
	"textures": [
		{
			"image": "sprites/buttons-0.webp",
			"format": "RGBA5555",
			"size": {
				"w": 940,
				"h": 634
			},
			"scale": 1,
			"frames": [
				{
					"filename": "continue_btn.png",
					"rotated": false,
					"trimmed": true,
					"sourceSize": {
						"w": 2000,
						"h": 190
					},
					"spriteSourceSize": {
						"x": 659,
						"y": 0,
						"w": 682,
						"h": 161
					},
					"frame": {
						"x": 2,
						"y": 2,
						"w": 682,
						"h": 161
					}
				},
				{
					"filename": "continue_btn_hover.png",
					"rotated": false,
					"trimmed": true,
					"sourceSize": {
						"w": 2000,
						"h": 190
					},
					"spriteSourceSize": {
						"x": 659,
						"y": 0,
						"w": 682,
						"h": 161
					},
					"frame": {
						"x": 2,
						"y": 166,
						"w": 682,
						"h": 161
					}
				},
				{
					"filename": "undo_large.png",
					"rotated": false,
					"trimmed": true,
					"sourceSize": {
						"w": 260,
						"h": 260
					},
					"spriteSourceSize": {
						"x": 6,
						"y": 3,
						"w": 251,
						"h": 254
					},
					"frame": {
						"x": 687,
						"y": 2,
						"w": 251,
						"h": 254
					}
				},
				{
					"filename": "move_btn_press.png",
					"rotated": false,
					"trimmed": true,
					"sourceSize": {
						"w": 120,
						"h": 500
					},
					"spriteSourceSize": {
						"x": 10,
						"y": 263,
						"w": 57,
						"h": 107
					},
					"frame": {
						"x": 687,
						"y": 259,
						"w": 57,
						"h": 107
					}
				},
				{
					"filename": "move_btn_press_wide.png",
					"rotated": false,
					"trimmed": true,
					"sourceSize": {
						"w": 250,
						"h": 500
					},
					"spriteSourceSize": {
						"x": 190,
						"y": 263,
						"w": 57,
						"h": 107
					},
					"frame": {
						"x": 687,
						"y": 259,
						"w": 57,
						"h": 107
					}
				},
				{
					"filename": "move_btn_over.png",
					"rotated": false,
					"trimmed": true,
					"sourceSize": {
						"w": 120,
						"h": 500
					},
					"spriteSourceSize": {
						"x": 10,
						"y": 263,
						"w": 56,
						"h": 107
					},
					"frame": {
						"x": 747,
						"y": 259,
						"w": 56,
						"h": 107
					}
				},
				{
					"filename": "move_btn_over_wide.png",
					"rotated": false,
					"trimmed": true,
					"sourceSize": {
						"w": 250,
						"h": 500
					},
					"spriteSourceSize": {
						"x": 190,
						"y": 263,
						"w": 56,
						"h": 107
					},
					"frame": {
						"x": 747,
						"y": 259,
						"w": 56,
						"h": 107
					}
				},
				{
					"filename": "move_btn_normal_wide.png",
					"rotated": false,
					"trimmed": true,
					"sourceSize": {
						"w": 250,
						"h": 480
					},
					"spriteSourceSize": {
						"x": 189,
						"y": 253,
						"w": 56,
						"h": 106
					},
					"frame": {
						"x": 806,
						"y": 259,
						"w": 56,
						"h": 106
					}
				},
				{
					"filename": "move_btn_normal.png",
					"rotated": false,
					"trimmed": true,
					"sourceSize": {
						"w": 110,
						"h": 480
					},
					"spriteSourceSize": {
						"x": 0,
						"y": 253,
						"w": 55,
						"h": 106
					},
					"frame": {
						"x": 806,
						"y": 368,
						"w": 55,
						"h": 106
					}
				},
				{
					"filename": "undo_hover.png",
					"rotated": false,
					"trimmed": true,
					"sourceSize": {
						"w": 80,
						"h": 80
					},
					"spriteSourceSize": {
						"x": 10,
						"y": 9,
						"w": 61,
						"h": 62
					},
					"frame": {
						"x": 864,
						"y": 368,
						"w": 61,
						"h": 62
					}
				},
				{
					"filename": "undo_press.png",
					"rotated": false,
					"trimmed": true,
					"sourceSize": {
						"w": 80,
						"h": 80
					},
					"spriteSourceSize": {
						"x": 10,
						"y": 9,
						"w": 61,
						"h": 62
					},
					"frame": {
						"x": 865,
						"y": 259,
						"w": 61,
						"h": 62
					}
				},
				{
					"filename": "continue_prompt.png",
					"rotated": false,
					"trimmed": false,
					"sourceSize": {
						"w": 44,
						"h": 30
					},
					"spriteSourceSize": {
						"x": 0,
						"y": 0,
						"w": 44,
						"h": 30
					},
					"frame": {
						"x": 865,
						"y": 324,
						"w": 44,
						"h": 30
					}
				},
				{
					"filename": "move_btn_disable.png",
					"rotated": false,
					"trimmed": true,
					"sourceSize": {
						"w": 2,
						"h": 2
					},
					"spriteSourceSize": {
						"x": 0,
						"y": 0,
						"w": 3,
						"h": 3
					},
					"frame": {
						"x": 912,
						"y": 324,
						"w": 3,
						"h": 3
					}
				},
				{
					"filename": "undo_disabled.png",
					"rotated": false,
					"trimmed": true,
					"sourceSize": {
						"w": 2,
						"h": 2
					},
					"spriteSourceSize": {
						"x": 0,
						"y": 0,
						"w": 3,
						"h": 3
					},
					"frame": {
						"x": 912,
						"y": 324,
						"w": 3,
						"h": 3
					}
				},
				{
					"filename": "undo.png",
					"rotated": false,
					"trimmed": true,
					"sourceSize": {
						"w": 80,
						"h": 80
					},
					"spriteSourceSize": {
						"x": 11,
						"y": 10,
						"w": 59,
						"h": 60
					},
					"frame": {
						"x": 864,
						"y": 433,
						"w": 59,
						"h": 60
					}
				},
				{
					"filename": "popup.png",
					"rotated": false,
					"trimmed": false,
					"sourceSize": {
						"w": 396,
						"h": 302
					},
					"spriteSourceSize": {
						"x": 0,
						"y": 0,
						"w": 396,
						"h": 302
					},
					"frame": {
						"x": 2,
						"y": 330,
						"w": 396,
						"h": 302
					}
				},
				{
					"filename": "play_btn.png",
					"rotated": false,
					"trimmed": true,
					"sourceSize": {
						"w": 319,
						"h": 106
					},
					"spriteSourceSize": {
						"x": 4,
						"y": 4,
						"w": 311,
						"h": 99
					},
					"frame": {
						"x": 401,
						"y": 477,
						"w": 311,
						"h": 99
					}
				},
				{
					"filename": "restart.png",
					"rotated": false,
					"trimmed": true,
					"sourceSize": {
						"w": 170,
						"h": 90
					},
					"spriteSourceSize": {
						"x": 9,
						"y": 9,
						"w": 152,
						"h": 72
					},
					"frame": {
						"x": 715,
						"y": 496,
						"w": 152,
						"h": 72
					}
				},
				{
					"filename": "achievements.png",
					"rotated": false,
					"trimmed": true,
					"sourceSize": {
						"w": 200,
						"h": 45
					},
					"spriteSourceSize": {
						"x": 0,
						"y": 0,
						"w": 186,
						"h": 38
					},
					"frame": {
						"x": 715,
						"y": 571,
						"w": 186,
						"h": 38
					}
				},
				{
					"filename": "audio_max.png",
					"rotated": false,
					"trimmed": false,
					"sourceSize": {
						"w": 40,
						"h": 40
					},
					"spriteSourceSize": {
						"x": 0,
						"y": 0,
						"w": 40,
						"h": 40
					},
					"frame": {
						"x": 870,
						"y": 496,
						"w": 40,
						"h": 40
					}
				},
				{
					"filename": "undo_tab.png",
					"rotated": false,
					"trimmed": false,
					"sourceSize": {
						"w": 80,
						"h": 60
					},
					"spriteSourceSize": {
						"x": 0,
						"y": 0,
						"w": 80,
						"h": 60
					},
					"frame": {
						"x": 715,
						"y": 369,
						"w": 80,
						"h": 60
					}
				},
				{
					"filename": "play_btn_hover.png",
					"rotated": false,
					"trimmed": true,
					"sourceSize": {
						"w": 319,
						"h": 106
					},
					"spriteSourceSize": {
						"x": 4,
						"y": 4,
						"w": 311,
						"h": 99
					},
					"frame": {
						"x": 401,
						"y": 369,
						"w": 311,
						"h": 99
					}
				},
				{
					"filename": "audio_min.png",
					"rotated": false,
					"trimmed": false,
					"sourceSize": {
						"w": 40,
						"h": 40
					},
					"spriteSourceSize": {
						"x": 0,
						"y": 0,
						"w": 40,
						"h": 40
					},
					"frame": {
						"x": 715,
						"y": 432,
						"w": 40,
						"h": 40
					}
				},
				{
					"filename": "audio_mute.png",
					"rotated": false,
					"trimmed": false,
					"sourceSize": {
						"w": 40,
						"h": 40
					},
					"spriteSourceSize": {
						"x": 0,
						"y": 0,
						"w": 40,
						"h": 40
					},
					"frame": {
						"x": 758,
						"y": 432,
						"w": 40,
						"h": 40
					}
				},
				{
					"filename": "no_thanks.png",
					"rotated": false,
					"trimmed": true,
					"sourceSize": {
						"w": 126,
						"h": 37
					},
					"spriteSourceSize": {
						"x": 9,
						"y": 9,
						"w": 109,
						"h": 19
					},
					"frame": {
						"x": 401,
						"y": 330,
						"w": 109,
						"h": 19
					}
				}
			]
		}
	],
	"meta": {
		"app": "https://www.codeandweb.com/texturepacker",
		"version": "3.0",
		"smartupdate": "$TexturePacker:SmartUpdate:7cc040ecb9e5876afe46c325b76609df:63f1e1a8f49ceb83f0c1c1b602571508:65710e74d82152c30eef887a1ead3394$"
	}
}
