{
	"textures": [
		{
			"image": "sprites/characters-0.webp",
			"format": "RGBA5555",
			"size": {
				"w": 1022,
				"h": 1013
			},
			"scale": 1,
			"frames": [
				{
					"filename": "tentacle.png",
					"rotated": false,
					"trimmed": true,
					"sourceSize": {
						"w": 818,
						"h": 306
					},
					"spriteSourceSize": {
						"x": 0,
						"y": 0,
						"w": 818,
						"h": 282
					},
					"frame": {
						"x": 1,
						"y": 1,
						"w": 818,
						"h": 282
					}
				},
				{
					"filename": "maggie_coffee_dark.png",
					"rotated": false,
					"trimmed": true,
					"sourceSize": {
						"w": 200,
						"h": 415
					},
					"spriteSourceSize": {
						"x": 0,
						"y": 31,
						"w": 200,
						"h": 384
					},
					"frame": {
						"x": 821,
						"y": 1,
						"w": 200,
						"h": 384
					}
				},
				{
					"filename": "juan2.png",
					"rotated": false,
					"trimmed": true,
					"sourceSize": {
						"w": 150,
						"h": 450
					},
					"spriteSourceSize": {
						"x": 8,
						"y": 0,
						"w": 141,
						"h": 450
					},
					"frame": {
						"x": 1,
						"y": 387,
						"w": 141,
						"h": 450
					}
				},
				{
					"filename": "cracks.png",
					"rotated": false,
					"trimmed": true,
					"sourceSize": {
						"w": 546,
						"h": 191
					},
					"spriteSourceSize": {
						"x": 28,
						"y": 3,
						"w": 514,
						"h": 173
					},
					"frame": {
						"x": 1,
						"y": 839,
						"w": 514,
						"h": 173
					}
				},
				{
					"filename": "diner.png",
					"rotated": false,
					"trimmed": true,
					"sourceSize": {
						"w": 310,
						"h": 120
					},
					"spriteSourceSize": {
						"x": 5,
						"y": 1,
						"w": 301,
						"h": 118
					},
					"frame": {
						"x": 517,
						"y": 285,
						"w": 301,
						"h": 118
					}
				},
				{
					"filename": "ethan2.png",
					"rotated": false,
					"trimmed": true,
					"sourceSize": {
						"w": 120,
						"h": 440
					},
					"spriteSourceSize": {
						"x": 10,
						"y": 4,
						"w": 93,
						"h": 428
					},
					"frame": {
						"x": 144,
						"y": 405,
						"w": 93,
						"h": 428
					}
				},
				{
					"filename": "caspar_dark_calm.png",
					"rotated": false,
					"trimmed": true,
					"sourceSize": {
						"w": 200,
						"h": 332
					},
					"spriteSourceSize": {
						"x": 4,
						"y": 0,
						"w": 196,
						"h": 332
					},
					"frame": {
						"x": 820,
						"y": 387,
						"w": 196,
						"h": 332
					}
				},
				{
					"filename": "backdoor2.png",
					"rotated": false,
					"trimmed": true,
					"sourceSize": {
						"w": 281,
						"h": 409
					},
					"spriteSourceSize": {
						"x": 2,
						"y": 3,
						"w": 253,
						"h": 404
					},
					"frame": {
						"x": 239,
						"y": 285,
						"w": 253,
						"h": 404
					}
				},
				{
					"filename": "dog.png",
					"rotated": false,
					"trimmed": true,
					"sourceSize": {
						"w": 110,
						"h": 140
					},
					"spriteSourceSize": {
						"x": 1,
						"y": 0,
						"w": 108,
						"h": 124
					},
					"frame": {
						"x": 239,
						"y": 691,
						"w": 108,
						"h": 124
					}
				},
				{
					"filename": "bruna_dark.png",
					"rotated": false,
					"trimmed": true,
					"sourceSize": {
						"w": 195,
						"h": 280
					},
					"spriteSourceSize": {
						"x": 1,
						"y": 1,
						"w": 194,
						"h": 279
					},
					"frame": {
						"x": 517,
						"y": 721,
						"w": 194,
						"h": 279
					}
				},
				{
					"filename": "bruna1.png",
					"rotated": false,
					"trimmed": true,
					"sourceSize": {
						"w": 195,
						"h": 280
					},
					"spriteSourceSize": {
						"x": 2,
						"y": 0,
						"w": 186,
						"h": 277
					},
					"frame": {
						"x": 713,
						"y": 721,
						"w": 186,
						"h": 277
					}
				},
				{
					"filename": "maggie_dark.png",
					"rotated": false,
					"trimmed": true,
					"sourceSize": {
						"w": 136,
						"h": 205
					},
					"spriteSourceSize": {
						"x": 14,
						"y": 6,
						"w": 119,
						"h": 199
					},
					"frame": {
						"x": 901,
						"y": 721,
						"w": 119,
						"h": 199
					}
				},
				{
					"filename": "gloompix.png",
					"rotated": false,
					"trimmed": false,
					"sourceSize": {
						"w": 60,
						"h": 60
					},
					"spriteSourceSize": {
						"x": 0,
						"y": 0,
						"w": 60,
						"h": 60
					},
					"frame": {
						"x": 144,
						"y": 285,
						"w": 60,
						"h": 60
					}
				},
				{
					"filename": "shadow1.png",
					"rotated": false,
					"trimmed": false,
					"sourceSize": {
						"w": 50,
						"h": 50
					},
					"spriteSourceSize": {
						"x": 0,
						"y": 0,
						"w": 50,
						"h": 50
					},
					"frame": {
						"x": 144,
						"y": 347,
						"w": 50,
						"h": 50
					}
				},
				{
					"filename": "bruna1_worry.png",
					"rotated": false,
					"trimmed": true,
					"sourceSize": {
						"w": 195,
						"h": 280
					},
					"spriteSourceSize": {
						"x": 2,
						"y": 0,
						"w": 186,
						"h": 277
					},
					"frame": {
						"x": 494,
						"y": 405,
						"w": 186,
						"h": 277
					}
				},
				{
					"filename": "maggie1.png",
					"rotated": false,
					"trimmed": true,
					"sourceSize": {
						"w": 136,
						"h": 205
					},
					"spriteSourceSize": {
						"x": 16,
						"y": 6,
						"w": 117,
						"h": 199
					},
					"frame": {
						"x": 682,
						"y": 405,
						"w": 117,
						"h": 199
					}
				}
			]
		},
		{
			"image": "sprites/characters-1.webp",
			"format": "RGBA5555",
			"size": {
				"w": 948,
				"h": 1024
			},
			"scale": 1,
			"frames": [
				{
					"filename": "table.png",
					"rotated": false,
					"trimmed": false,
					"sourceSize": {
						"w": 536,
						"h": 307
					},
					"spriteSourceSize": {
						"x": 0,
						"y": 0,
						"w": 536,
						"h": 307
					},
					"frame": {
						"x": 1,
						"y": 1,
						"w": 536,
						"h": 307
					}
				},
				{
					"filename": "window.png",
					"rotated": false,
					"trimmed": false,
					"sourceSize": {
						"w": 513,
						"h": 323
					},
					"spriteSourceSize": {
						"x": 0,
						"y": 0,
						"w": 513,
						"h": 323
					},
					"frame": {
						"x": 1,
						"y": 310,
						"w": 513,
						"h": 323
					}
				},
				{
					"filename": "juan1.png",
					"rotated": false,
					"trimmed": true,
					"sourceSize": {
						"w": 250,
						"h": 400
					},
					"spriteSourceSize": {
						"x": 9,
						"y": 7,
						"w": 226,
						"h": 388
					},
					"frame": {
						"x": 1,
						"y": 635,
						"w": 226,
						"h": 388
					}
				},
				{
					"filename": "blackEye.png",
					"rotated": false,
					"trimmed": true,
					"sourceSize": {
						"w": 450,
						"h": 450
					},
					"spriteSourceSize": {
						"x": 21,
						"y": 55,
						"w": 408,
						"h": 391
					},
					"frame": {
						"x": 539,
						"y": 1,
						"w": 408,
						"h": 391
					}
				},
				{
					"filename": "juan_fall.png",
					"rotated": false,
					"trimmed": true,
					"sourceSize": {
						"w": 360,
						"h": 220
					},
					"spriteSourceSize": {
						"x": 0,
						"y": 6,
						"w": 360,
						"h": 212
					},
					"frame": {
						"x": 516,
						"y": 394,
						"w": 360,
						"h": 212
					}
				},
				{
					"filename": "maggie_coffee.png",
					"rotated": false,
					"trimmed": true,
					"sourceSize": {
						"w": 200,
						"h": 415
					},
					"spriteSourceSize": {
						"x": 17,
						"y": 26,
						"w": 158,
						"h": 383
					},
					"frame": {
						"x": 229,
						"y": 635,
						"w": 158,
						"h": 383
					}
				},
				{
					"filename": "maggie_coffee_sad.png",
					"rotated": false,
					"trimmed": true,
					"sourceSize": {
						"w": 200,
						"h": 415
					},
					"spriteSourceSize": {
						"x": 17,
						"y": 31,
						"w": 158,
						"h": 378
					},
					"frame": {
						"x": 389,
						"y": 635,
						"w": 158,
						"h": 378
					}
				},
				{
					"filename": "backdoor5.png",
					"rotated": false,
					"trimmed": true,
					"sourceSize": {
						"w": 281,
						"h": 409
					},
					"spriteSourceSize": {
						"x": 27,
						"y": 3,
						"w": 253,
						"h": 404
					},
					"frame": {
						"x": 549,
						"y": 608,
						"w": 253,
						"h": 404
					}
				},
				{
					"filename": "edith2.png",
					"rotated": false,
					"trimmed": true,
					"sourceSize": {
						"w": 140,
						"h": 400
					},
					"spriteSourceSize": {
						"x": 24,
						"y": 9,
						"w": 107,
						"h": 379
					},
					"frame": {
						"x": 804,
						"y": 608,
						"w": 107,
						"h": 379
					}
				}
			]
		},
		{
			"image": "sprites/characters-2.webp",
			"format": "RGBA5555",
			"size": {
				"w": 1021,
				"h": 1023
			},
			"scale": 1,
			"frames": [
				{
					"filename": "window_broken.png",
					"rotated": false,
					"trimmed": false,
					"sourceSize": {
						"w": 513,
						"h": 323
					},
					"spriteSourceSize": {
						"x": 0,
						"y": 0,
						"w": 513,
						"h": 323
					},
					"frame": {
						"x": 1,
						"y": 1,
						"w": 513,
						"h": 323
					}
				},
				{
					"filename": "window_fixed.png",
					"rotated": false,
					"trimmed": true,
					"sourceSize": {
						"w": 523,
						"h": 483
					},
					"spriteSourceSize": {
						"x": 30,
						"y": 37,
						"w": 493,
						"h": 401
					},
					"frame": {
						"x": 516,
						"y": 1,
						"w": 493,
						"h": 401
					}
				},
				{
					"filename": "blackCircle.png",
					"rotated": false,
					"trimmed": true,
					"sourceSize": {
						"w": 340,
						"h": 340
					},
					"spriteSourceSize": {
						"x": 1,
						"y": 0,
						"w": 339,
						"h": 339
					},
					"frame": {
						"x": 1,
						"y": 326,
						"w": 339,
						"h": 339
					}
				},
				{
					"filename": "ethan_dark_void.png",
					"rotated": false,
					"trimmed": true,
					"sourceSize": {
						"w": 200,
						"h": 355
					},
					"spriteSourceSize": {
						"x": 46,
						"y": 0,
						"w": 154,
						"h": 355
					},
					"frame": {
						"x": 1,
						"y": 667,
						"w": 154,
						"h": 355
					}
				},
				{
					"filename": "ethan_dark.png",
					"rotated": false,
					"trimmed": true,
					"sourceSize": {
						"w": 200,
						"h": 355
					},
					"spriteSourceSize": {
						"x": 44,
						"y": 0,
						"w": 153,
						"h": 355
					},
					"frame": {
						"x": 157,
						"y": 667,
						"w": 153,
						"h": 355
					}
				},
				{
					"filename": "ethan1.png",
					"rotated": false,
					"trimmed": true,
					"sourceSize": {
						"w": 200,
						"h": 355
					},
					"spriteSourceSize": {
						"x": 47,
						"y": 0,
						"w": 147,
						"h": 355
					},
					"frame": {
						"x": 312,
						"y": 667,
						"w": 147,
						"h": 355
					}
				},
				{
					"filename": "edith_dark.png",
					"rotated": false,
					"trimmed": true,
					"sourceSize": {
						"w": 200,
						"h": 330
					},
					"spriteSourceSize": {
						"x": 54,
						"y": 1,
						"w": 143,
						"h": 329
					},
					"frame": {
						"x": 342,
						"y": 326,
						"w": 143,
						"h": 329
					}
				},
				{
					"filename": "caspar2.png",
					"rotated": false,
					"trimmed": true,
					"sourceSize": {
						"w": 120,
						"h": 360
					},
					"spriteSourceSize": {
						"x": 1,
						"y": 2,
						"w": 118,
						"h": 358
					},
					"frame": {
						"x": 461,
						"y": 657,
						"w": 118,
						"h": 358
					}
				},
				{
					"filename": "tv1.png",
					"rotated": false,
					"trimmed": true,
					"sourceSize": {
						"w": 245,
						"h": 205
					},
					"spriteSourceSize": {
						"x": 0,
						"y": 1,
						"w": 245,
						"h": 202
					},
					"frame": {
						"x": 487,
						"y": 404,
						"w": 245,
						"h": 202
					}
				},
				{
					"filename": "backdoor1.png",
					"rotated": false,
					"trimmed": true,
					"sourceSize": {
						"w": 281,
						"h": 409
					},
					"spriteSourceSize": {
						"x": 28,
						"y": 3,
						"w": 226,
						"h": 404
					},
					"frame": {
						"x": 581,
						"y": 608,
						"w": 226,
						"h": 404
					}
				},
				{
					"filename": "backdoor3.png",
					"rotated": false,
					"trimmed": true,
					"sourceSize": {
						"w": 281,
						"h": 409
					},
					"spriteSourceSize": {
						"x": 28,
						"y": 3,
						"w": 226,
						"h": 404
					},
					"frame": {
						"x": 581,
						"y": 608,
						"w": 226,
						"h": 404
					}
				},
				{
					"filename": "backdoor4.png",
					"rotated": false,
					"trimmed": true,
					"sourceSize": {
						"w": 281,
						"h": 409
					},
					"spriteSourceSize": {
						"x": 28,
						"y": 3,
						"w": 226,
						"h": 404
					},
					"frame": {
						"x": 581,
						"y": 608,
						"w": 226,
						"h": 404
					}
				},
				{
					"filename": "backdoor6.png",
					"rotated": false,
					"trimmed": true,
					"sourceSize": {
						"w": 281,
						"h": 409
					},
					"spriteSourceSize": {
						"x": 28,
						"y": 3,
						"w": 226,
						"h": 404
					},
					"frame": {
						"x": 581,
						"y": 608,
						"w": 226,
						"h": 404
					}
				},
				{
					"filename": "backdoor7.png",
					"rotated": false,
					"trimmed": true,
					"sourceSize": {
						"w": 281,
						"h": 409
					},
					"spriteSourceSize": {
						"x": 28,
						"y": 3,
						"w": 226,
						"h": 404
					},
					"frame": {
						"x": 581,
						"y": 608,
						"w": 226,
						"h": 404
					}
				},
				{
					"filename": "backdoor8.png",
					"rotated": false,
					"trimmed": true,
					"sourceSize": {
						"w": 281,
						"h": 409
					},
					"spriteSourceSize": {
						"x": 28,
						"y": 3,
						"w": 226,
						"h": 404
					},
					"frame": {
						"x": 581,
						"y": 608,
						"w": 226,
						"h": 404
					}
				},
				{
					"filename": "tv2.png",
					"rotated": false,
					"trimmed": true,
					"sourceSize": {
						"w": 245,
						"h": 205
					},
					"spriteSourceSize": {
						"x": 0,
						"y": 1,
						"w": 245,
						"h": 202
					},
					"frame": {
						"x": 734,
						"y": 404,
						"w": 245,
						"h": 202
					}
				},
				{
					"filename": "ethan_sleep.png",
					"rotated": false,
					"trimmed": true,
					"sourceSize": {
						"w": 300,
						"h": 365
					},
					"spriteSourceSize": {
						"x": 18,
						"y": 101,
						"w": 211,
						"h": 264
					},
					"frame": {
						"x": 809,
						"y": 608,
						"w": 211,
						"h": 264
					}
				}
			]
		},
		{
			"image": "sprites/characters-3.webp",
			"format": "RGBA5555",
			"size": {
				"w": 901,
				"h": 1003
			},
			"scale": 1,
			"frames": [
				{
					"filename": "tv_broken.png",
					"rotated": false,
					"trimmed": true,
					"sourceSize": {
						"w": 245,
						"h": 205
					},
					"spriteSourceSize": {
						"x": 0,
						"y": 1,
						"w": 245,
						"h": 202
					},
					"frame": {
						"x": 1,
						"y": 1,
						"w": 245,
						"h": 202
					}
				},
				{
					"filename": "tv_cracked.png",
					"rotated": false,
					"trimmed": true,
					"sourceSize": {
						"w": 245,
						"h": 205
					},
					"spriteSourceSize": {
						"x": 0,
						"y": 1,
						"w": 245,
						"h": 202
					},
					"frame": {
						"x": 248,
						"y": 1,
						"w": 245,
						"h": 202
					}
				},
				{
					"filename": "tv_off.png",
					"rotated": false,
					"trimmed": true,
					"sourceSize": {
						"w": 245,
						"h": 205
					},
					"spriteSourceSize": {
						"x": 0,
						"y": 1,
						"w": 245,
						"h": 202
					},
					"frame": {
						"x": 495,
						"y": 1,
						"w": 245,
						"h": 202
					}
				},
				{
					"filename": "tv_shake5.png",
					"rotated": false,
					"trimmed": true,
					"sourceSize": {
						"w": 245,
						"h": 205
					},
					"spriteSourceSize": {
						"x": 0,
						"y": 1,
						"w": 245,
						"h": 202
					},
					"frame": {
						"x": 495,
						"y": 1,
						"w": 245,
						"h": 202
					}
				},
				{
					"filename": "eyeCorner.png",
					"rotated": false,
					"trimmed": true,
					"sourceSize": {
						"w": 550,
						"h": 274
					},
					"spriteSourceSize": {
						"x": 2,
						"y": 2,
						"w": 158,
						"h": 270
					},
					"frame": {
						"x": 742,
						"y": 1,
						"w": 158,
						"h": 270
					}
				},
				{
					"filename": "tv_red.png",
					"rotated": false,
					"trimmed": true,
					"sourceSize": {
						"w": 245,
						"h": 205
					},
					"spriteSourceSize": {
						"x": 0,
						"y": 1,
						"w": 245,
						"h": 202
					},
					"frame": {
						"x": 1,
						"y": 205,
						"w": 245,
						"h": 202
					}
				},
				{
					"filename": "tv_shake1.png",
					"rotated": false,
					"trimmed": true,
					"sourceSize": {
						"w": 245,
						"h": 205
					},
					"spriteSourceSize": {
						"x": 0,
						"y": 1,
						"w": 245,
						"h": 202
					},
					"frame": {
						"x": 248,
						"y": 205,
						"w": 245,
						"h": 202
					}
				},
				{
					"filename": "tv_shake2.png",
					"rotated": false,
					"trimmed": true,
					"sourceSize": {
						"w": 245,
						"h": 205
					},
					"spriteSourceSize": {
						"x": 0,
						"y": 1,
						"w": 245,
						"h": 202
					},
					"frame": {
						"x": 495,
						"y": 205,
						"w": 245,
						"h": 202
					}
				},
				{
					"filename": "edith1.png",
					"rotated": false,
					"trimmed": true,
					"sourceSize": {
						"w": 200,
						"h": 330
					},
					"spriteSourceSize": {
						"x": 55,
						"y": 3,
						"w": 141,
						"h": 327
					},
					"frame": {
						"x": 742,
						"y": 273,
						"w": 141,
						"h": 327
					}
				},
				{
					"filename": "tv_shake3.png",
					"rotated": false,
					"trimmed": true,
					"sourceSize": {
						"w": 245,
						"h": 205
					},
					"spriteSourceSize": {
						"x": 0,
						"y": 1,
						"w": 245,
						"h": 202
					},
					"frame": {
						"x": 1,
						"y": 409,
						"w": 245,
						"h": 202
					}
				},
				{
					"filename": "tv_shake4.png",
					"rotated": false,
					"trimmed": true,
					"sourceSize": {
						"w": 245,
						"h": 205
					},
					"spriteSourceSize": {
						"x": 0,
						"y": 1,
						"w": 245,
						"h": 202
					},
					"frame": {
						"x": 248,
						"y": 409,
						"w": 245,
						"h": 202
					}
				},
				{
					"filename": "caspar1.png",
					"rotated": false,
					"trimmed": false,
					"sourceSize": {
						"w": 180,
						"h": 335
					},
					"spriteSourceSize": {
						"x": 0,
						"y": 0,
						"w": 180,
						"h": 335
					},
					"frame": {
						"x": 495,
						"y": 409,
						"w": 180,
						"h": 335
					}
				},
				{
					"filename": "caspar_dark.png",
					"rotated": false,
					"trimmed": false,
					"sourceSize": {
						"w": 180,
						"h": 335
					},
					"spriteSourceSize": {
						"x": 0,
						"y": 0,
						"w": 180,
						"h": 335
					},
					"frame": {
						"x": 677,
						"y": 602,
						"w": 180,
						"h": 335
					}
				},
				{
					"filename": "ethan_tired.png",
					"rotated": false,
					"trimmed": true,
					"sourceSize": {
						"w": 200,
						"h": 355
					},
					"spriteSourceSize": {
						"x": 29,
						"y": 13,
						"w": 142,
						"h": 342
					},
					"frame": {
						"x": 1,
						"y": 613,
						"w": 142,
						"h": 342
					}
				},
				{
					"filename": "bruna2.png",
					"rotated": false,
					"trimmed": true,
					"sourceSize": {
						"w": 130,
						"h": 365
					},
					"spriteSourceSize": {
						"x": 13,
						"y": 0,
						"w": 117,
						"h": 357
					},
					"frame": {
						"x": 145,
						"y": 613,
						"w": 117,
						"h": 357
					}
				},
				{
					"filename": "juan_dark.png",
					"rotated": false,
					"trimmed": true,
					"sourceSize": {
						"w": 250,
						"h": 400
					},
					"spriteSourceSize": {
						"x": 8,
						"y": 7,
						"w": 228,
						"h": 389
					},
					"frame": {
						"x": 264,
						"y": 613,
						"w": 228,
						"h": 389
					}
				}
			]
		}
	],
	"meta": {
		"app": "https://www.codeandweb.com/texturepacker",
		"version": "3.0",
		"smartupdate": "$TexturePacker:SmartUpdate:854cc33bc5c8adb257d1085bc007d7cc:92a856ad5b86c0a36e63a811437d8461:93e56341e9149919c539b9e3c6d79170$"
	}
}
