{
	"textures": [
		{
			"image": "sprites/epilogue-0.webp",
			"format": "RGBA5555",
			"size": {
				"w": 1743,
				"h": 1880
			},
			"scale": 1,
			"frames": [
				{
					"filename": "scene3a.png",
					"rotated": false,
					"trimmed": true,
					"sourceSize": {
						"w": 1200,
						"h": 1067
					},
					"spriteSourceSize": {
						"x": 0,
						"y": 732,
						"w": 1200,
						"h": 335
					},
					"frame": {
						"x": 2,
						"y": 2,
						"w": 1200,
						"h": 335
					}
				},
				{
					"filename": "monster.png",
					"rotated": false,
					"trimmed": true,
					"sourceSize": {
						"w": 412,
						"h": 556
					},
					"spriteSourceSize": {
						"x": 10,
						"y": 3,
						"w": 398,
						"h": 549
					},
					"frame": {
						"x": 1205,
						"y": 2,
						"w": 398,
						"h": 549
					}
				},
				{
					"filename": "campfire.png",
					"rotated": false,
					"trimmed": true,
					"sourceSize": {
						"w": 150,
						"h": 150
					},
					"spriteSourceSize": {
						"x": 6,
						"y": 9,
						"w": 135,
						"h": 135
					},
					"frame": {
						"x": 1606,
						"y": 2,
						"w": 135,
						"h": 135
					}
				},
				{
					"filename": "eyes_many.png",
					"rotated": false,
					"trimmed": true,
					"sourceSize": {
						"w": 150,
						"h": 52
					},
					"spriteSourceSize": {
						"x": 6,
						"y": 2,
						"w": 135,
						"h": 49
					},
					"frame": {
						"x": 1606,
						"y": 140,
						"w": 135,
						"h": 49
					}
				},
				{
					"filename": "casparwave.png",
					"rotated": false,
					"trimmed": false,
					"sourceSize": {
						"w": 125,
						"h": 299
					},
					"spriteSourceSize": {
						"x": 0,
						"y": 0,
						"w": 125,
						"h": 299
					},
					"frame": {
						"x": 1606,
						"y": 192,
						"w": 125,
						"h": 299
					}
				},
				{
					"filename": "casparhand.png",
					"rotated": false,
					"trimmed": true,
					"sourceSize": {
						"w": 131,
						"h": 132
					},
					"spriteSourceSize": {
						"x": 42,
						"y": 0,
						"w": 89,
						"h": 77
					},
					"frame": {
						"x": 1606,
						"y": 494,
						"w": 89,
						"h": 77
					}
				},
				{
					"filename": "scene2a.png",
					"rotated": false,
					"trimmed": false,
					"sourceSize": {
						"w": 730,
						"h": 650
					},
					"spriteSourceSize": {
						"x": 0,
						"y": 0,
						"w": 730,
						"h": 650
					},
					"frame": {
						"x": 2,
						"y": 340,
						"w": 730,
						"h": 650
					}
				},
				{
					"filename": "scene2b.png",
					"rotated": false,
					"trimmed": false,
					"sourceSize": {
						"w": 730,
						"h": 650
					},
					"spriteSourceSize": {
						"x": 0,
						"y": 0,
						"w": 730,
						"h": 650
					},
					"frame": {
						"x": 735,
						"y": 554,
						"w": 730,
						"h": 650
					}
				},
				{
					"filename": "scene2c.png",
					"rotated": false,
					"trimmed": false,
					"sourceSize": {
						"w": 730,
						"h": 650
					},
					"spriteSourceSize": {
						"x": 0,
						"y": 0,
						"w": 730,
						"h": 650
					},
					"frame": {
						"x": 2,
						"y": 993,
						"w": 730,
						"h": 650
					}
				},
				{
					"filename": "maw.png",
					"rotated": false,
					"trimmed": true,
					"sourceSize": {
						"w": 190,
						"h": 220
					},
					"spriteSourceSize": {
						"x": 11,
						"y": 9,
						"w": 167,
						"h": 204
					},
					"frame": {
						"x": 735,
						"y": 340,
						"w": 167,
						"h": 204
					}
				},
				{
					"filename": "ach_eye.png",
					"rotated": false,
					"trimmed": true,
					"sourceSize": {
						"w": 206,
						"h": 206
					},
					"spriteSourceSize": {
						"x": 0,
						"y": 3,
						"w": 206,
						"h": 199
					},
					"frame": {
						"x": 905,
						"y": 340,
						"w": 206,
						"h": 199
					}
				},
				{
					"filename": "ach_maw.png",
					"rotated": false,
					"trimmed": true,
					"sourceSize": {
						"w": 190,
						"h": 220
					},
					"spriteSourceSize": {
						"x": 5,
						"y": 1,
						"w": 180,
						"h": 219
					},
					"frame": {
						"x": 2,
						"y": 1646,
						"w": 180,
						"h": 219
					}
				},
				{
					"filename": "casparfront.png",
					"rotated": false,
					"trimmed": true,
					"sourceSize": {
						"w": 125,
						"h": 299
					},
					"spriteSourceSize": {
						"x": 60,
						"y": 109,
						"w": 65,
						"h": 70
					},
					"frame": {
						"x": 1114,
						"y": 340,
						"w": 65,
						"h": 70
					}
				},
				{
					"filename": "ach_eyes.png",
					"rotated": false,
					"trimmed": true,
					"sourceSize": {
						"w": 64,
						"h": 50
					},
					"spriteSourceSize": {
						"x": 0,
						"y": 12,
						"w": 63,
						"h": 26
					},
					"frame": {
						"x": 1114,
						"y": 413,
						"w": 63,
						"h": 26
					}
				},
				{
					"filename": "eyes.png",
					"rotated": false,
					"trimmed": true,
					"sourceSize": {
						"w": 64,
						"h": 50
					},
					"spriteSourceSize": {
						"x": 0,
						"y": 12,
						"w": 63,
						"h": 26
					},
					"frame": {
						"x": 1114,
						"y": 442,
						"w": 63,
						"h": 26
					}
				},
				{
					"filename": "scene1a.png",
					"rotated": false,
					"trimmed": false,
					"sourceSize": {
						"w": 730,
						"h": 640
					},
					"spriteSourceSize": {
						"x": 0,
						"y": 0,
						"w": 730,
						"h": 640
					},
					"frame": {
						"x": 735,
						"y": 1207,
						"w": 730,
						"h": 640
					}
				},
				{
					"filename": "eye.png",
					"rotated": false,
					"trimmed": true,
					"sourceSize": {
						"w": 206,
						"h": 206
					},
					"spriteSourceSize": {
						"x": 3,
						"y": 8,
						"w": 198,
						"h": 189
					},
					"frame": {
						"x": 185,
						"y": 1646,
						"w": 198,
						"h": 189
					}
				},
				{
					"filename": "ach_crash.png",
					"rotated": false,
					"trimmed": true,
					"sourceSize": {
						"w": 207,
						"h": 137
					},
					"spriteSourceSize": {
						"x": 1,
						"y": 0,
						"w": 206,
						"h": 136
					},
					"frame": {
						"x": 1468,
						"y": 574,
						"w": 206,
						"h": 136
					}
				},
				{
					"filename": "crash.png",
					"rotated": false,
					"trimmed": true,
					"sourceSize": {
						"w": 207,
						"h": 137
					},
					"spriteSourceSize": {
						"x": 7,
						"y": 6,
						"w": 193,
						"h": 124
					},
					"frame": {
						"x": 1468,
						"y": 713,
						"w": 193,
						"h": 124
					}
				},
				{
					"filename": "ach_campfire.png",
					"rotated": false,
					"trimmed": true,
					"sourceSize": {
						"w": 150,
						"h": 150
					},
					"spriteSourceSize": {
						"x": 3,
						"y": 3,
						"w": 144,
						"h": 147
					},
					"frame": {
						"x": 386,
						"y": 1646,
						"w": 144,
						"h": 147
					}
				},
				{
					"filename": "ach_eyes_many.png",
					"rotated": false,
					"trimmed": true,
					"sourceSize": {
						"w": 150,
						"h": 52
					},
					"spriteSourceSize": {
						"x": 3,
						"y": 0,
						"w": 141,
						"h": 52
					},
					"frame": {
						"x": 386,
						"y": 1796,
						"w": 141,
						"h": 52
					}
				},
				{
					"filename": "ach_grave.png",
					"rotated": false,
					"trimmed": true,
					"sourceSize": {
						"w": 150,
						"h": 150
					},
					"spriteSourceSize": {
						"x": 0,
						"y": 16,
						"w": 150,
						"h": 134
					},
					"frame": {
						"x": 533,
						"y": 1646,
						"w": 150,
						"h": 134
					}
				},
				{
					"filename": "ach_casparfullline.png",
					"rotated": false,
					"trimmed": false,
					"sourceSize": {
						"w": 161,
						"h": 306
					},
					"spriteSourceSize": {
						"x": 0,
						"y": 0,
						"w": 161,
						"h": 306
					},
					"frame": {
						"x": 1468,
						"y": 840,
						"w": 161,
						"h": 306
					}
				},
				{
					"filename": "casparfullline.png",
					"rotated": false,
					"trimmed": true,
					"sourceSize": {
						"w": 155,
						"h": 300
					},
					"spriteSourceSize": {
						"x": 2,
						"y": 0,
						"w": 151,
						"h": 298
					},
					"frame": {
						"x": 1468,
						"y": 1149,
						"w": 151,
						"h": 298
					}
				},
				{
					"filename": "grave.png",
					"rotated": false,
					"trimmed": true,
					"sourceSize": {
						"w": 150,
						"h": 150
					},
					"spriteSourceSize": {
						"x": 0,
						"y": 20,
						"w": 150,
						"h": 130
					},
					"frame": {
						"x": 1468,
						"y": 1450,
						"w": 150,
						"h": 130
					}
				},
				{
					"filename": "casparfull.png",
					"rotated": false,
					"trimmed": true,
					"sourceSize": {
						"w": 155,
						"h": 300
					},
					"spriteSourceSize": {
						"x": 3,
						"y": 2,
						"w": 149,
						"h": 295
					},
					"frame": {
						"x": 1468,
						"y": 1583,
						"w": 149,
						"h": 295
					}
				}
			]
		},
		{
			"image": "sprites/epilogue-1.webp",
			"format": "RGBA5555",
			"size": {
				"w": 1467,
				"h": 1930
			},
			"scale": 1,
			"frames": [
				{
					"filename": "scene1b.png",
					"rotated": false,
					"trimmed": false,
					"sourceSize": {
						"w": 730,
						"h": 640
					},
					"spriteSourceSize": {
						"x": 0,
						"y": 0,
						"w": 730,
						"h": 640
					},
					"frame": {
						"x": 2,
						"y": 2,
						"w": 730,
						"h": 640
					}
				},
				{
					"filename": "scene1c.png",
					"rotated": false,
					"trimmed": false,
					"sourceSize": {
						"w": 730,
						"h": 640
					},
					"spriteSourceSize": {
						"x": 0,
						"y": 0,
						"w": 730,
						"h": 640
					},
					"frame": {
						"x": 735,
						"y": 2,
						"w": 730,
						"h": 640
					}
				},
				{
					"filename": "scene1d.png",
					"rotated": false,
					"trimmed": false,
					"sourceSize": {
						"w": 730,
						"h": 640
					},
					"spriteSourceSize": {
						"x": 0,
						"y": 0,
						"w": 730,
						"h": 640
					},
					"frame": {
						"x": 2,
						"y": 645,
						"w": 730,
						"h": 640
					}
				},
				{
					"filename": "scene1e.png",
					"rotated": false,
					"trimmed": false,
					"sourceSize": {
						"w": 730,
						"h": 640
					},
					"spriteSourceSize": {
						"x": 0,
						"y": 0,
						"w": 730,
						"h": 640
					},
					"frame": {
						"x": 2,
						"y": 1288,
						"w": 730,
						"h": 640
					}
				},
				{
					"filename": "scene1f.png",
					"rotated": false,
					"trimmed": false,
					"sourceSize": {
						"w": 730,
						"h": 640
					},
					"spriteSourceSize": {
						"x": 0,
						"y": 0,
						"w": 730,
						"h": 640
					},
					"frame": {
						"x": 735,
						"y": 645,
						"w": 730,
						"h": 640
					}
				},
				{
					"filename": "scene1g.png",
					"rotated": false,
					"trimmed": false,
					"sourceSize": {
						"w": 730,
						"h": 640
					},
					"spriteSourceSize": {
						"x": 0,
						"y": 0,
						"w": 730,
						"h": 640
					},
					"frame": {
						"x": 735,
						"y": 1288,
						"w": 730,
						"h": 640
					}
				}
			]
		},
		{
			"image": "sprites/epilogue-2.webp",
			"format": "RGBA5555",
			"size": {
				"w": 1457,
				"h": 1930
			},
			"scale": 1,
			"frames": [
				{
					"filename": "scene1h.png",
					"rotated": false,
					"trimmed": false,
					"sourceSize": {
						"w": 730,
						"h": 640
					},
					"spriteSourceSize": {
						"x": 0,
						"y": 0,
						"w": 730,
						"h": 640
					},
					"frame": {
						"x": 2,
						"y": 2,
						"w": 730,
						"h": 640
					}
				},
				{
					"filename": "scene5a.png",
					"rotated": false,
					"trimmed": false,
					"sourceSize": {
						"w": 720,
						"h": 640
					},
					"spriteSourceSize": {
						"x": 0,
						"y": 0,
						"w": 720,
						"h": 640
					},
					"frame": {
						"x": 735,
						"y": 2,
						"w": 720,
						"h": 640
					}
				},
				{
					"filename": "scene5b.png",
					"rotated": false,
					"trimmed": false,
					"sourceSize": {
						"w": 720,
						"h": 640
					},
					"spriteSourceSize": {
						"x": 0,
						"y": 0,
						"w": 720,
						"h": 640
					},
					"frame": {
						"x": 2,
						"y": 645,
						"w": 720,
						"h": 640
					}
				},
				{
					"filename": "scene5c.png",
					"rotated": false,
					"trimmed": false,
					"sourceSize": {
						"w": 720,
						"h": 640
					},
					"spriteSourceSize": {
						"x": 0,
						"y": 0,
						"w": 720,
						"h": 640
					},
					"frame": {
						"x": 2,
						"y": 1288,
						"w": 720,
						"h": 640
					}
				},
				{
					"filename": "scene5d.png",
					"rotated": false,
					"trimmed": false,
					"sourceSize": {
						"w": 720,
						"h": 640
					},
					"spriteSourceSize": {
						"x": 0,
						"y": 0,
						"w": 720,
						"h": 640
					},
					"frame": {
						"x": 725,
						"y": 645,
						"w": 720,
						"h": 640
					}
				},
				{
					"filename": "scene5e.png",
					"rotated": false,
					"trimmed": false,
					"sourceSize": {
						"w": 720,
						"h": 640
					},
					"spriteSourceSize": {
						"x": 0,
						"y": 0,
						"w": 720,
						"h": 640
					},
					"frame": {
						"x": 725,
						"y": 1288,
						"w": 720,
						"h": 640
					}
				}
			]
		}
	],
	"meta": {
		"app": "https://www.codeandweb.com/texturepacker",
		"version": "3.0",
		"smartupdate": "$TexturePacker:SmartUpdate:5f30a7abe992cb1e5f139e1c7564939e:3dd285bbdf4b45c5c5e81aa2e8a5b994:853d5cb23a022582e376f2a3ad75ca91$"
	}
}
