{
	"textures": [
		{
			"image": "sprites/misc.webp",
			"format": "RGBA8888",
			"size": {
				"w": 247,
				"h": 257
			},
			"scale": 1,
			"frames": [
				{
					"filename": "indicator.png",
					"rotated": false,
					"trimmed": false,
					"sourceSize": {
						"w": 200,
						"h": 200
					},
					"spriteSourceSize": {
						"x": 0,
						"y": 0,
						"w": 200,
						"h": 200
					},
					"frame": {
						"x": 1,
						"y": 1,
						"w": 200,
						"h": 200
					}
				},
				{
					"filename": "star.png",
					"rotated": false,
					"trimmed": false,
					"sourceSize": {
						"w": 53,
						"h": 53
					},
					"spriteSourceSize": {
						"x": 0,
						"y": 0,
						"w": 53,
						"h": 53
					},
					"frame": {
						"x": 1,
						"y": 203,
						"w": 53,
						"h": 53
					}
				},
				{
					"filename": "hand_icon.png",
					"rotated": false,
					"trimmed": false,
					"sourceSize": {
						"w": 38,
						"h": 50
					},
					"spriteSourceSize": {
						"x": 0,
						"y": 0,
						"w": 38,
						"h": 50
					},
					"frame": {
						"x": 56,
						"y": 203,
						"w": 38,
						"h": 50
					}
				},
				{
					"filename": "notegood.png",
					"rotated": false,
					"trimmed": true,
					"sourceSize": {
						"w": 43,
						"h": 70
					},
					"spriteSourceSize": {
						"x": 0,
						"y": 0,
						"w": 41,
						"h": 70
					},
					"frame": {
						"x": 203,
						"y": 1,
						"w": 41,
						"h": 70
					}
				},
				{
					"filename": "exclamation.png",
					"rotated": false,
					"trimmed": true,
					"sourceSize": {
						"w": 41,
						"h": 105
					},
					"spriteSourceSize": {
						"x": 2,
						"y": 0,
						"w": 37,
						"h": 104
					},
					"frame": {
						"x": 203,
						"y": 73,
						"w": 37,
						"h": 104
					}
				},
				{
					"filename": "chat_icon.png",
					"rotated": false,
					"trimmed": true,
					"sourceSize": {
						"w": 50,
						"h": 44
					},
					"spriteSourceSize": {
						"x": 1,
						"y": 0,
						"w": 48,
						"h": 43
					},
					"frame": {
						"x": 96,
						"y": 203,
						"w": 48,
						"h": 43
					}
				},
				{
					"filename": "guide_arrow.png",
					"rotated": false,
					"trimmed": false,
					"sourceSize": {
						"w": 100,
						"h": 23
					},
					"spriteSourceSize": {
						"x": 0,
						"y": 0,
						"w": 100,
						"h": 23
					},
					"frame": {
						"x": 146,
						"y": 203,
						"w": 100,
						"h": 23
					}
				},
				{
					"filename": "small.png",
					"rotated": false,
					"trimmed": false,
					"sourceSize": {
						"w": 100,
						"h": 23
					},
					"spriteSourceSize": {
						"x": 0,
						"y": 0,
						"w": 100,
						"h": 23
					},
					"frame": {
						"x": 146,
						"y": 203,
						"w": 100,
						"h": 23
					}
				},
				{
					"filename": "invalid.png",
					"rotated": false,
					"trimmed": false,
					"sourceSize": {
						"w": 20,
						"h": 20
					},
					"spriteSourceSize": {
						"x": 0,
						"y": 0,
						"w": 20,
						"h": 20
					},
					"frame": {
						"x": 203,
						"y": 179,
						"w": 20,
						"h": 20
					}
				}
			]
		}
	],
	"meta": {
		"app": "https://www.codeandweb.com/texturepacker",
		"version": "3.0",
		"smartupdate": "$TexturePacker:SmartUpdate:c57b59f94ed69db5350be59ac6c6fe95:25933df957a8dd323e1e6311aed2c8a3:612dcbdb08476a0aba06aeca925f16b2$"
	}
}
