{
	"textures": [
		{
			"image": "sprites/pixels.webp",
			"format": "RGBA5555",
			"size": {
				"w": 16,
				"h": 16
			},
			"scale": 1,
			"frames": [
				{
					"filename": "blue_pixel.png",
					"rotated": false,
					"trimmed": false,
					"sourceSize": {
						"w": 2,
						"h": 2
					},
					"spriteSourceSize": {
						"x": 0,
						"y": 0,
						"w": 2,
						"h": 2
					},
					"frame": {
						"x": 2,
						"y": 2,
						"w": 2,
						"h": 2
					}
				},
				{
					"filename": "gloom_pixel.png",
					"rotated": false,
					"trimmed": false,
					"sourceSize": {
						"w": 2,
						"h": 2
					},
					"spriteSourceSize": {
						"x": 0,
						"y": 0,
						"w": 2,
						"h": 2
					},
					"frame": {
						"x": 2,
						"y": 7,
						"w": 2,
						"h": 2
					}
				},
				{
					"filename": "green_pixel.png",
					"rotated": false,
					"trimmed": false,
					"sourceSize": {
						"w": 2,
						"h": 2
					},
					"spriteSourceSize": {
						"x": 0,
						"y": 0,
						"w": 2,
						"h": 2
					},
					"frame": {
						"x": 2,
						"y": 12,
						"w": 2,
						"h": 2
					}
				},
				{
					"filename": "grey_pixel.png",
					"rotated": false,
					"trimmed": false,
					"sourceSize": {
						"w": 2,
						"h": 2
					},
					"spriteSourceSize": {
						"x": 0,
						"y": 0,
						"w": 2,
						"h": 2
					},
					"frame": {
						"x": 7,
						"y": 2,
						"w": 2,
						"h": 2
					}
				},
				{
					"filename": "red_pixel.png",
					"rotated": false,
					"trimmed": false,
					"sourceSize": {
						"w": 2,
						"h": 2
					},
					"spriteSourceSize": {
						"x": 0,
						"y": 0,
						"w": 2,
						"h": 2
					},
					"frame": {
						"x": 12,
						"y": 2,
						"w": 2,
						"h": 2
					}
				},
				{
					"filename": "white_pixel.png",
					"rotated": false,
					"trimmed": false,
					"sourceSize": {
						"w": 2,
						"h": 2
					},
					"spriteSourceSize": {
						"x": 0,
						"y": 0,
						"w": 2,
						"h": 2
					},
					"frame": {
						"x": 7,
						"y": 7,
						"w": 2,
						"h": 2
					}
				},
				{
					"filename": "yellow_pixel.png",
					"rotated": false,
					"trimmed": false,
					"sourceSize": {
						"w": 2,
						"h": 2
					},
					"spriteSourceSize": {
						"x": 0,
						"y": 0,
						"w": 2,
						"h": 2
					},
					"frame": {
						"x": 7,
						"y": 12,
						"w": 2,
						"h": 2
					}
				}
			]
		}
	],
	"meta": {
		"app": "https://www.codeandweb.com/texturepacker",
		"version": "3.0",
		"smartupdate": "$TexturePacker:SmartUpdate:3059d88139ebfb75d9de813f585791a2:38b4fb2db2af758610ab921187f4a18c:1b79fc7d42966befa1016d29f4ccadf3$"
	}
}
